x,y,Temperature
0.000000000000000000e+00,0.000000000000000000e+00,7.879303114617363235e+01
8.000000000000000444e-01,0.000000000000000000e+00,2.747591654235284153e+01
8.000000000000000444e-01,5.999999999999999778e-01,3.000000000000000000e+01
0.000000000000000000e+00,5.999999999999999778e-01,3.000000000000000000e+01
2.000000000000000111e-01,2.000000000000000111e-01,1.000000000000000000e+02
5.999999999999999778e-01,2.000000000000000111e-01,1.000000000000000000e+02
5.999999999999999778e-01,4.000000000000000222e-01,1.000000000000000000e+02
2.000000000000000111e-01,4.000000000000000222e-01,1.000000000000000000e+02
0.000000000000000000e+00,2.999999999999999889e-01,6.673451165218973813e+01
8.000000000000000444e-01,2.999999999999999889e-01,2.533872624310815169e+01
2.000000000000000111e-01,3.000000000000000444e-01,1.000000000000000000e+02
0.000000000000000000e+00,4.499999999999999556e-01,4.694985154964168572e+01
1.125000000000000167e-01,2.500000000000000000e-01,7.701586938409951699e+01
2.000000000000000111e-01,3.500000000000000333e-01,1.000000000000000000e+02
1.499999999999999944e-01,3.750000000000000555e-01,7.970282080558351367e+01
1.562500000000000000e-01,3.250000000000000111e-01,8.296078555615241612e+01
2.000000000000000111e-01,3.750000000000000000e-01,1.000000000000000000e+02
1.750000000000000167e-01,3.875000000000000111e-01,8.581308177520850222e+01
1.906250000000000167e-01,3.875000000000000111e-01,8.739924457173813721e+01
1.781250000000000056e-01,3.625000000000000444e-01,8.848754512158521379e+01
1.926339285714285809e-01,3.625000000000000444e-01,9.014701310855215866e+01
1.662683823529411686e-01,3.737132352941176516e-01,8.180577956434584053e+01
1.563112745098038381e-01,3.513097426470586648e-01,8.164149830822610454e+01
1.782366071428571341e-01,3.373046875000000333e-01,9.005408364448317116e+01
1.280206459478405723e-01,3.564587081043188443e-01,7.249708769511840956e+01
1.708270853904233499e-01,3.498697691401174148e-01,8.202012462046646135e+01
1.779011864452865743e-01,3.121083262792515023e-01,9.000834279174600283e+01
2.000000000000000111e-01,3.250000000000000666e-01,1.000000000000000000e+02
1.433792122575749395e-01,3.605503533158354590e-01,7.476065188437641496e+01
1.707965014546820592e-01,3.248033189608758864e-01,8.452237757474971147e+01
1.449218796821642452e-01,2.813476535187375283e-01,8.011337938660528835e+01
1.924823799249022749e-01,3.125000000000000555e-01,9.089702047748197344e+01
1.927071707589285698e-01,3.375000000000000222e-01,9.090658829930168849e+01
1.569364756886415524e-01,3.015258137666477212e-01,8.340269855320164538e+01
1.168362260496809274e-01,3.121002586117821442e-01,7.197314024690459178e+01
1.639204813235653202e-01,2.660700500277834446e-01,8.207505616329824250e+01
1.352875667857176001e-01,3.007501513944271787e-01,7.757617108306732234e+01
1.456890205525546156e-01,3.129440255385116942e-01,7.855198187646814745e+01
1.342301164424727355e-01,3.336356465390705739e-01,7.448991922449494041e+01
1.106263466423144937e-01,2.813323505569199634e-01,7.427703939430047342e+01
1.277725133527096713e-01,2.849253420025802397e-01,7.792833602304264673e+01
1.164679100157051672e-01,2.961639724939819085e-01,7.287664258646471183e+01
1.227189521808606659e-01,2.663332833040806258e-01,7.744266916012736601e+01
7.372196240994241534e-02,3.051243069658782225e-01,6.868230969016386211e+01
9.419872531613900091e-02,2.963686984332287722e-01,7.329806593338641107e+01
2.000000000000000111e-01,2.250000000000000056e-01,1.000000000000000000e+02
1.361375052618173098e-01,2.465745422202811343e-01,7.842346209323709161e+01
1.678978731771549049e-01,2.478615081991016877e-01,8.413134441731443758e+01
1.623424060544976510e-01,2.846410036901296237e-01,8.265842840291431060e+01
1.487126393460994067e-01,3.381724969372907341e-01,7.837392318283498582e+01
1.167949827171541610e-01,3.411483057232860827e-01,6.903467815096962568e+01
1.208753203845340241e-01,3.266300462802249061e-01,7.067684966105372268e+01
9.625635023592452044e-02,3.256475017423045570e-01,6.844633447680743643e+01
0.000000000000000000e+00,2.249999999999999778e-01,7.239982191694004143e+01
7.818394940077300070e-02,2.533391428781266996e-01,7.482701923211683948e+01
1.518284906522801847e-01,2.518871588172648113e-01,8.097969713028305705e+01
1.404953060640314888e-01,2.639697845550317279e-01,7.935478198259656324e+01
0.000000000000000000e+00,3.375000000000000222e-01,6.211920627948266826e+01
8.854876894858509928e-02,3.114774635732811547e-01,6.953539063289122168e+01
7.197797383560763929e-02,3.296721319827842223e-01,6.635451837363943639e+01
0.000000000000000000e+00,3.750000000000000000e-01,5.886491149325566141e+01
1.038041756737537596e-01,3.624437873748276306e-01,6.577363770323444214e+01
0.000000000000000000e+00,1.499999999999999944e-01,7.573551141208908177e+01
1.523999313831455593e-01,2.166375845986490967e-01,8.512950978900478560e+01
2.000000000000000111e-01,2.500000000000000000e-01,1.000000000000000000e+02
9.659228898865805657e-02,2.824917454635967884e-01,7.378502328638478502e+01
7.843158460501445384e-02,2.878163800164890707e-01,7.149802189129434282e+01
5.959503150885397255e-02,2.681303947441386337e-01,7.253144041140839704e+01
5.921828481737884120e-02,2.918830169591020152e-01,6.898928365786507300e+01
8.368708153438106367e-02,3.771937409272162478e-01,6.283864798709281274e+01
8.322787142522233839e-02,2.705424224478798489e-01,7.350075844631605548e+01
4.635646399014922009e-02,3.017515534807682642e-01,6.628359287937814770e+01
1.529829292915403649e-01,2.342764547434635081e-01,8.370474824991674723e+01
2.880057636659199768e-02,3.219325284462329906e-01,6.407443130055668234e+01
9.590772007999033566e-02,2.574836823595446078e-01,7.521375753690622901e+01
9.316131088540241523e-02,2.292590988878321356e-01,7.646746672935276479e+01
1.077514824934909105e-01,2.666403595152800898e-01,7.574533036039161971e+01
4.843772539647105829e-02,3.400946681545933825e-01,6.388222197566790328e+01
2.873287628118239428e-02,2.951841386347673346e-01,6.730949083479433170e+01
1.373755053308167717e-01,2.260376475569194910e-01,8.137815259821294944e+01
1.152744040191770319e-01,2.277306666828633475e-01,7.687027356266600009e+01
1.591780627181966223e-01,2.002622526195366737e-01,8.707602216414946383e+01
1.264630372029143801e-01,2.085958951810150119e-01,8.075506629704912598e+01
5.844476383623681270e-02,3.163748085746128647e-01,6.533366998888709531e+01
1.223462381308992042e-01,3.854834155695932574e-01,6.594053250881088957e+01
8.113486358439939150e-02,3.526192559512766889e-01,6.523564293248729484e+01
9.820747517246901370e-02,3.444195432756522735e-01,6.768241371985580201e+01
4.316261049654786935e-02,3.166997677221669583e-01,6.460182879796164457e+01
4.248174989003151297e-02,2.797382553564414231e-01,6.970665846132598631e+01
0.000000000000000000e+00,2.624999999999999556e-01,7.120949729135345763e+01
3.167962196397114405e-02,2.453940046390804541e-01,7.210457086952283134e+01
2.018139568991295790e-02,2.737300956560291265e-01,7.078535308560641681e+01
4.222904118410279045e-02,2.609468431903797514e-01,7.174216312896838588e+01
5.655311151591882468e-02,2.398766611634446377e-01,7.333546920248494416e+01
1.231200532895114080e-01,2.400155994645656876e-01,7.780091682211741499e+01
1.693252176551186816e-01,2.313143979665125971e-01,8.667544136740445992e+01
1.844801258172774350e-01,2.409567679568438148e-01,9.233688922173683977e+01
2.000000000000000111e-01,2.750000000000000222e-01,1.000000000000000000e+02
1.832440156875410620e-01,2.609172801990411461e-01,9.289233666593811733e+01
1.812836044560450777e-01,2.802595398851432940e-01,9.090889767488816631e+01
1.748739490002249874e-01,2.956828226769442902e-01,8.948698632527462848e+01
1.028300597697322932e-01,3.822087934696387634e-01,6.510532896302630945e+01
2.259551199093645657e-02,3.614889744106868918e-01,5.940140885525708114e+01
8.541963719566207647e-02,4.096232931941196087e-01,5.917263863335823260e+01
8.974015899313576849e-02,3.931314111979147263e-01,6.046270590326688676e+01
1.102684830102918512e-01,4.073212781655036197e-01,6.268631760070397263e+01
6.180175031919857981e-02,3.946240265666632330e-01,5.858599767593466368e+01
1.184333706456197483e-01,3.696514048541101882e-01,6.817643643108038987e+01
8.959674819242399724e-02,3.641602095313354326e-01,6.534769121161718886e+01
6.501892416306750966e-02,3.457496506845972317e-01,6.390993984872418565e+01
4.778064438089239113e-02,3.691580083203797602e-01,6.117723767835490634e+01
1.293470261526920989e-02,2.890499048743956356e-01,6.804149318451088391e+01
1.689116141438339047e-02,2.558940614381292611e-01,7.151115497555159095e+01
0.000000000000000000e+00,2.437499999999999667e-01,7.189291364267955942e+01
1.636898141012717300e-02,2.343749999999999722e-01,7.218496260216704741e+01
0.000000000000000000e+00,1.875000000000000000e-01,7.423014901368277663e+01
4.261400059623748210e-02,2.358623109308654320e-01,7.294565009860934879e+01
6.310263311661339081e-02,2.534621311137628119e-01,7.352160919895194979e+01
7.485871215338119056e-02,2.345730551472917647e-01,7.490133524135556797e+01
5.718193088189098272e-02,2.078040092674018902e-01,7.458247626454971169e+01
6.185640815479290233e-02,2.239381477924024533e-01,7.435466801636655987e+01
3.905590634453355581e-02,2.217998151951512398e-01,7.321352263597323429e+01
1.814395774687841412e-01,2.125000000000000222e-01,9.112623440802465780e+01
1.244693902164143162e-01,4.314007938445173496e-01,6.094518336647238499e+01
9.891762556732017209e-02,4.200607689710846859e-01,5.881282214311317347e+01
7.599944193028615458e-02,4.357524059524696680e-01,5.164486052916229397e+01
6.723171294991905911e-02,3.664829619492917523e-01,6.256875640071618250e+01
6.919869404117666434e-02,3.814569028977017884e-01,6.128697299366145046e+01
8.718095791968238917e-02,1.572982376596177012e-01,7.876664325284301071e+01
1.300655799308176874e-01,4.040115349736903561e-01,6.659206946313310027e+01
1.395626066981929814e-01,3.891826949308194172e-01,6.980401211383481552e+01
1.339167531655756083e-01,3.740958583241880131e-01,7.190825680924312735e+01
4.951349346365344073e-02,3.847968209573044973e-01,5.928603557616392550e+01
3.057103051388057255e-02,1.920755717897699166e-01,7.449729533577843199e+01
1.855752861783198371e-02,2.115759197588639173e-01,7.274118613058379879e+01
9.956056586308052736e-02,1.821084394035075438e-01,7.970882933762166545e+01
1.576840689898237613e-01,3.968235530972744063e-01,7.736306246344121007e+01
6.858798639258415451e-03,4.687499999999999445e-01,4.300662929862085093e+01
8.925950199814219888e-02,4.875936333708787429e-01,4.648006866147335359e+01
3.693549115068283512e-02,4.998717084593182758e-01,3.928405787461127119e+01
4.074031757048271474e-02,2.052458563497990551e-01,7.451024509769797532e+01
0.000000000000000000e+00,2.062499999999999889e-01,7.319414013657521423e+01
1.441923300457292542e-02,1.955757272468197638e-01,7.366844492971875979e+01
1.496316013377123610e-01,1.890304041837628235e-01,8.495809093430543157e+01
1.349477188515917359e-01,1.877369826333497860e-01,8.126323026996911381e+01
1.612450602217350634e-02,4.400541827678281503e-01,4.791843009932191677e+01
0.000000000000000000e+00,4.124999999999999778e-01,5.352685246850328582e+01
1.016370233247072680e-01,4.568112275063924699e-01,5.306429677604274531e+01
4.000000000000000222e-01,5.999999999999999778e-01,3.000000000000000000e+01
0.000000000000000000e+00,3.937499999999999889e-01,5.637993578996326960e+01
1.112321622570912327e-01,1.355288573350395542e-01,8.148625928568962706e+01
1.248761416257700846e-01,1.691217895402629956e-01,8.127471398564844662e+01
5.523251853899286551e-02,4.390875268733779868e-01,5.126743127773779207e+01
1.727468519401718569e-02,4.013922639165355966e-01,5.416440008891190416e+01
1.138681993381173568e-01,1.858354204361950535e-01,8.096858386025770926e+01
1.877604190960423594e-02,4.218750000000000000e-01,5.296977173693545637e+01
4.818314873855882030e-02,4.005118959131054313e-01,5.591103791770811426e+01
3.397863614804154386e-02,4.205755687180532387e-01,5.234369644011866995e+01
1.438744721835604097e-02,3.845735113250000614e-01,5.874000754939939384e+01
0.000000000000000000e+00,5.249999999999999112e-01,3.418113586418046168e+01
3.445387952670510290e-02,4.358261928681038122e-01,5.113717435201704120e+01
1.219999435672405458e-01,4.166298971856205458e-01,6.323066476501251998e+01
2.000000000000000111e-01,5.999999999999999778e-01,3.000000000000000000e+01
3.179544404018284226e-02,5.485179521266270175e-01,3.247319326735176759e+01
6.444972246138205851e-02,4.759052481922460553e-01,4.617178575057884160e+01
3.105443314533780017e-02,4.062576584520031786e-01,5.447663255624325274e+01
4.704583385713294319e-02,4.547097729629050455e-01,4.613907252848420626e+01
1.918001780963395422e-02,4.838866171022251916e-01,4.031191132560300616e+01
4.831328548339053341e-02,4.153482154998702769e-01,5.255888044567895889e+01
6.343180533547419786e-02,4.238196820814644217e-01,5.357155153002703685e+01
6.934120062647336491e-02,4.088464156184751230e-01,5.817249353926631272e+01
2.305088373854077138e-02,4.570700171698973691e-01,4.565957053518321374e+01
0.000000000000000000e+00,5.062499999999998668e-01,3.584279971806624587e+01
2.957071505137931489e-02,3.767840980111449856e-01,5.887411196144056902e+01
3.574811946153710202e-02,3.924184812238293296e-01,5.733764261934783946e+01
0.000000000000000000e+00,4.874999999999999334e-01,3.905028529997400000e+01
0.000000000000000000e+00,4.312499999999999667e-01,5.021764911167038292e+01
3.702459183812233101e-02,4.759808725524939388e-01,4.222599293511965612e+01
6.849238273525995457e-02,4.553305704928024555e-01,5.084569741716027380e+01
8.293083414677435150e-02,4.688520453010399103e-01,4.947017076291483306e+01
8.531127882842670651e-02,4.505512775461206765e-01,5.229104265102638038e+01
9.929183601210291032e-02,4.385089207312438675e-01,5.506647813317552931e+01
2.063741442733862952e-02,5.156249999999998890e-01,3.523454224743717589e+01
5.071921549805033513e-02,4.694365307315556679e-01,4.535035253777333253e+01
6.260520089279819622e-02,5.015645016334068229e-01,3.861484683323956801e+01
1.530214491668775885e-02,4.999673379573315035e-01,3.588002104145550675e+01
3.474130682778464596e-02,5.139091408658755800e-01,3.554373026888051612e+01
0.000000000000000000e+00,5.625000000000000000e-01,3.128436530651323366e+01
1.000000000000000056e-01,5.999999999999999778e-01,3.000000000000000000e+01
5.061055199257120246e-02,4.879771253892176142e-01,4.234142230592360079e+01
7.323487703207109956e-02,4.894326947866011746e-01,4.361781154948040040e+01
1.706994744007157838e-02,5.351741685280834160e-01,3.348311675969843293e+01
3.401031897974524792e-02,5.312766998899201010e-01,3.348034757748597201e+01
7.883267421941772546e-02,5.457976368125481148e-01,3.514316074629547870e+01
5.505876926386236991e-02,5.427435531776314548e-01,3.383879453950748228e+01
0.000000000000000000e+00,5.437499999999999556e-01,3.277072888935593653e+01
7.500000000000001110e-02,5.999999999999999778e-01,3.000000000000000000e+01
1.484936844452571306e-02,5.531249999999999778e-01,3.222227793050326738e+01
4.400521182951926819e-02,5.789294467423210522e-01,3.204632165458941984e+01
6.952804509846259584e-02,5.812634984795483906e-01,3.161877643338373289e+01
6.953492765949075005e-02,5.241154379137337171e-01,3.611558685867176877e+01
5.088396543309286341e-02,5.232877364355725813e-01,3.561921168551391048e+01
8.349111396621465564e-02,5.080655550287058730e-01,4.080879863559344756e+01
1.415237756097481314e-01,5.133688174324285702e-01,4.803779745148753477e+01
1.129996070235356753e-01,5.053315420147355130e-01,4.591368245396294157e+01
9.771980205532208863e-02,5.010261404221532100e-01,4.496953596923241037e+01
2.715733929199431670e-02,5.649274864955222686e-01,3.228839869573700838e+01
2.500000000000000139e-02,5.999999999999999778e-01,3.000000000000000000e+01
5.000000000000000278e-02,5.999999999999999778e-01,3.000000000000000000e+01
4.926441923912892179e-02,5.083900367738722892e-01,3.680381843129653419e+01
1.620979914522047843e-02,3.085901150813132876e-01,6.578747919579969050e+01
1.196388026912895836e-02,3.252087915773638760e-01,6.331943470979354771e+01
2.385588877263195712e-02,3.414217797423968470e-01,6.177408585212290149e+01
0.000000000000000000e+00,1.687500000000000111e-01,7.534230738251896753e+01
1.495597818238159626e-01,4.222609397818969379e-01,6.881574144587294484e+01
0.000000000000000000e+00,3.562500000000000111e-01,6.018286501034118885e+01
3.851150457397621574e-02,3.544093482599955935e-01,6.164666181994046923e+01
6.022622815205297409e-02,5.641032251377325890e-01,3.355532632543835803e+01
4.359702958046982046e-02,5.607138744703755728e-01,3.351444583995099435e+01
7.822500315216301958e-02,5.637888969023300278e-01,3.413491790036143669e+01
1.240135506237888263e-01,5.563295541052030169e-01,3.749356319033720553e+01
9.801459280024661658e-02,5.765413111047961170e-01,3.308139859370368896e+01
8.509452447785569029e-02,5.868846287946426488e-01,3.142709569590169849e+01
5.614785012926473695e-02,5.868628077421396139e-01,3.146847625025611350e+01
1.500000000000000222e-01,5.999999999999999778e-01,3.000000000000000000e+01
1.601920050983791644e-01,5.835229758676586664e-01,3.367862983838437430e+01
1.250000000000000000e-01,5.999999999999999778e-01,3.000000000000000000e+01
1.143914741224033166e-01,5.707798813742239741e-01,3.367696265721190230e+01
9.939943170647165538e-02,5.543213378066236263e-01,3.543090983710952457e+01
9.784743857481699447e-02,5.289916095731254098e-01,4.076582407184287149e+01
8.432349984925455177e-02,5.228821036971186276e-01,3.852078569754766590e+01
9.244162622391401130e-02,5.420352430509796093e-01,3.669186676266156155e+01
1.128930492144304687e-01,5.407821515167455795e-01,3.962528566068089475e+01
1.146369063445810410e-01,5.230619283232756933e-01,4.462345955714741308e+01
1.358566948256389462e-01,5.361078264294254492e-01,4.324780007183210984e+01
1.296167179356284005e-01,5.224769940322369077e-01,4.504918449176739159e+01
1.966788460647803938e-01,5.391904091908472640e-01,4.748491674568292353e+01
1.605554720335946595e-01,5.641519360408928652e-01,3.883711807155259521e+01
1.665699628762837559e-01,5.316865873061269454e-01,4.629557976488236193e+01
1.435759897152035225e-01,5.542076592316297345e-01,3.987499230463614452e+01
1.520755348071305413e-01,5.398867410024805746e-01,4.395999663006080027e+01
1.427559144774185607e-01,5.750759624285316507e-01,3.507653355498757008e+01
1.750000000000000167e-01,5.999999999999999778e-01,3.000000000000000000e+01
1.873058166584027351e-01,5.743427938179515024e-01,3.887356478035687246e+01
1.720981872367578491e-01,5.740574466963095368e-01,3.749417983752747574e+01
1.798083104899981521e-01,5.533949617607680782e-01,4.297037897409362017e+01
1.647594869644959381e-01,5.490684267205577784e-01,4.308252603366322120e+01
1.810489040800132010e-01,5.377476780636890608e-01,4.733693919816412432e+01
1.901371565428455757e-01,4.957129085772963295e-01,5.553201287087733817e+01
1.907672210075435359e-01,5.178489946220984352e-01,4.842292783313586568e+01
1.125000000000000028e-01,5.880023928745853334e-01,3.197014529326926890e+01
1.285776404981370524e-01,5.837620291648047965e-01,3.258288671186085139e+01
1.875000000000000000e-01,5.902156155920517122e-01,3.271090934498884906e+01
1.687360052030355273e-01,5.073990642845678245e-01,5.127964879509202234e+01
3.000000000000000444e-01,4.000000000000000222e-01,1.000000000000000000e+02
1.761120305023704813e-01,5.202972317784493317e-01,4.811333640848315696e+01
1.569293381931606557e-01,5.185864552844478004e-01,4.693444271613310548e+01
1.593565912856537425e-01,4.647829956524556771e-01,5.766524588045679423e+01
2.214781321019433646e-01,5.208314703874704632e-01,5.405583952676840909e+01
1.702467249365718915e-01,4.847263717473880851e-01,5.609363793851335345e+01
2.055493562006543151e-01,5.252437810356624937e-01,4.879537578011168364e+01
2.084949049969800905e-01,5.049192359271762465e-01,5.607426309405600051e+01
2.348165963361135700e-01,4.783378906025337329e-01,6.594823828305378299e+01
2.143479414288912421e-01,4.286795778453508787e-01,7.804844049791920213e+01
2.112891135382378160e-01,4.764413138031670658e-01,6.352687844190048594e+01
2.044177074860408228e-01,4.901431450588300542e-01,5.804975436043673653e+01
1.517284863089598534e-01,4.948791474530897516e-01,5.160654469934298305e+01
1.311422320840930633e-01,4.955781993814901698e-01,5.081682004870556568e+01
1.120601113836558888e-01,4.818333225772388761e-01,5.084802342371578021e+01
1.407854896424633184e-01,4.760907820684205372e-01,5.311016904160891272e+01
1.269000395703998030e-01,4.813493010363429359e-01,5.108726409789935730e+01
1.257252062618113841e-01,4.572851181853906377e-01,5.697329198090886848e+01
1.430246195021852851e-01,4.588643498072683680e-01,5.871276658983329355e+01
1.581296168420607273e-01,4.426760936821380610e-01,6.310986745050140456e+01
2.357087335560061336e-01,5.144126005651004085e-01,5.819360372222095634e+01
2.318322606950906917e-01,5.341241207378436551e-01,5.010892516106007832e+01
3.000000000000000444e-01,5.999999999999999778e-01,3.000000000000000000e+01
2.171728365715688558e-01,5.424309743315585131e-01,4.685361848615387004e+01
2.039007683180380781e-01,5.599418663110635741e-01,4.173099840868765398e+01
2.500000000000000000e-01,5.999999999999999778e-01,3.000000000000000000e+01
2.467888036098442872e-01,5.418832673597242522e-01,4.982199414865937115e+01
2.071775332397622904e-01,5.804799408313801035e-01,3.611711513455990996e+01
2.250000000000000056e-01,5.999999999999999778e-01,3.000000000000000000e+01
1.426629588795129584e-02,1.593749999999999889e-01,7.566311868620678638e+01
1.893617936498532273e-01,4.736182001478420056e-01,6.026362500562170510e+01
9.865796523061542977e-02,4.727341143361682985e-01,5.044618770874868119e+01
1.134941043286940843e-01,4.665540409315933612e-01,5.337032539575117340e+01
1.146738330348347351e-01,4.448486657518506138e-01,5.723406232182486519e+01
1.400043320378152878e-01,4.409049277192477745e-01,6.060746535560947734e+01
1.794528592414529333e-01,4.217187713904353430e-01,7.526898042407739808e+01
1.733181388027944525e-01,4.051179682123497439e-01,8.188712242202470293e+01
2.374999999999999889e-01,5.715435956649828064e-01,3.957106175608215182e+01
2.199515244652047730e-01,5.679114689047759512e-01,3.998033926188637110e+01
2.258921031851714445e-01,5.834182429210248433e-01,3.649554720850343870e+01
2.174521247250195966e-01,4.623499396385187810e-01,7.005827364634029664e+01
1.742415912017838964e-01,4.695999830853526680e-01,5.856537499297694183e+01
1.883647396453053402e-01,4.469129139110053495e-01,7.128465470781264912e+01
1.646143764334788984e-01,4.279476418758983991e-01,7.157216615858818898e+01
1.987932851354239638e-01,4.240210051927634782e-01,8.213418585742024902e+01
2.500000000000000000e-01,4.000000000000000222e-01,1.000000000000000000e+02
2.022908699814008060e-01,4.597642313534232583e-01,7.066203400270363488e+01
4.000000000000000222e-01,4.000000000000000222e-01,1.000000000000000000e+02
2.055122483482880180e-01,4.423023587418021263e-01,7.568013937057881435e+01
2.250000000000000056e-01,4.000000000000000222e-01,1.000000000000000000e+02
1.455812549680869927e-01,4.069741872100192115e-01,6.903288160441103116e+01
2.379002266945108579e-01,4.214581926417017010e-01,9.300690134334152503e+01
3.133726022399792310e-02,1.593749999999999889e-01,7.585616438899623404e+01
2.280177805597460861e-02,1.755342621389964775e-01,7.524745415879552013e+01
0.000000000000000000e+00,7.499999999999999722e-02,7.788796280854462850e+01
0.000000000000000000e+00,5.812500000000000444e-01,3.048698738036454259e+01
1.284916737997840973e-02,5.718750000000000222e-01,3.055272614364640305e+01
3.750000000000000555e-02,5.921683120633929320e-01,3.057663971358780586e+01
2.770090549837329608e-01,5.676320873333644546e-01,4.731756181407871509e+01
2.321923800899158841e-01,5.535967305008138162e-01,4.511505932828809762e+01
1.721584870572876180e-01,4.525637056832128025e-01,6.438012009744090847e+01
2.266640022094938978e-01,4.965878928116548852e-01,5.966513175591089180e+01
2.885859356525796171e-01,5.090548725815848830e-01,6.132873283192685676e+01
2.287496096921295685e-01,4.443301132862023661e-01,7.632066944036844802e+01
2.124999999999999944e-01,4.116752602936363248e-01,9.306608640649869812e+01
2.374999999999999889e-01,4.070920281576715927e-01,9.729522859423791203e+01
2.750000000000000222e-01,4.282374017001779332e-01,9.146287444797128785e+01
2.576213702310731768e-01,4.184379985502878485e-01,9.842625563129527677e+01
2.750000000000000222e-01,4.000000000000000222e-01,1.000000000000000000e+02
2.545978292144229771e-01,4.441097189031853465e-01,7.459524424622156857e+01
2.875000000000000333e-01,4.141187008500890054e-01,9.391867158767171020e+01
3.500000000000000333e-01,4.000000000000000222e-01,1.000000000000000000e+02
3.028805863243951291e-01,4.403287034439012371e-01,8.316362518185974295e+01
2.416053975866934156e-01,4.362070140350701175e-01,8.047234189913572777e+01
2.891053419775345135e-01,4.674168801052068223e-01,7.243355201477967853e+01
2.418043987656134375e-01,4.595462030266623255e-01,6.770556519410155261e+01
2.650679509548184987e-01,4.658068374937054945e-01,7.070909213379566438e+01
2.909133496208574088e-01,4.297335034759608985e-01,8.868424270931437547e+01
2.811548757846270008e-01,4.481503638983962423e-01,7.999529728455260624e+01
2.686400152510997064e-01,4.411108854785215638e-01,8.128868185490954090e+01
2.756492795259693485e-01,4.880712605184370223e-01,6.303833189692809924e+01
2.765933957942626198e-01,4.739759243144399670e-01,6.913116008239602195e+01
2.986698145668284510e-01,4.883584264165251598e-01,6.329157318604892879e+01
2.620654384935750536e-01,5.109254765775622653e-01,5.735096404721871721e+01
2.468847095128566815e-01,4.975344901332589553e-01,6.127644615134082784e+01
2.621601624417404519e-01,4.955177614990645130e-01,6.089121692271341146e+01
3.198760466515275236e-01,4.660181384811649119e-01,7.758539626137763889e+01
3.493811800713390037e-01,5.258711960989177481e-01,5.523541311394718178e+01
3.047724713326095403e-01,4.729162791433018098e-01,7.371783746888884536e+01
3.016487058425592616e-01,4.567489256959534338e-01,7.909164419915390454e+01
3.205441744685003647e-01,5.118210122929918171e-01,5.812987343558656050e+01
3.050967892047756758e-01,5.042946205009495309e-01,5.997314663980759519e+01
3.221590114919690717e-01,4.888911467140105160e-01,6.645117932921029080e+01
3.826341850534274447e-01,4.713046575252369808e-01,7.024086017142521143e+01
3.432211172602065985e-01,5.018962419336429059e-01,6.045271121582461404e+01
3.361039288168379824e-01,5.165037663513174504e-01,5.474449504228704200e+01
3.183741236132590080e-01,5.557269213422677545e-01,4.529000097575377026e+01
3.223784657392815278e-01,5.339182541319176245e-01,5.389183561630716213e+01
3.023421833137139858e-01,5.257542504228294167e-01,4.929667149002594329e+01
3.292811529451574737e-01,5.009145191928690011e-01,5.976588044520769216e+01
3.778187993605525707e-01,5.057856552368558134e-01,6.427079599327612414e+01
3.414834067843734444e-01,5.486981156342328747e-01,5.132666600359774378e+01
3.597803052618595010e-01,5.104204193285900582e-01,6.187900773200707505e+01
3.621104820727771290e-01,4.855476392545781672e-01,6.677672218237734114e+01
3.372371119966643405e-01,5.344492454692604255e-01,5.396417415455830024e+01
3.895309445459994580e-01,5.525421306324220794e-01,4.699827912956575204e+01
3.745280966996376582e-01,5.315713483770276859e-01,5.375489860876589887e+01
3.500000000000000333e-01,5.999999999999999778e-01,3.000000000000000000e+01
3.793054282653314790e-01,4.884165267467190930e-01,6.712640197276219567e+01
4.270667672467264309e-01,4.888277931167504531e-01,6.728846628385214501e+01
4.030950059400539298e-01,4.992008685698448578e-01,6.429865957542386923e+01
3.416098825480698431e-01,4.809478059547723783e-01,6.821442760473101430e+01
3.652307833379225266e-01,5.540748367042925837e-01,4.573427088521779638e+01
3.370981417496057841e-01,5.757839699914765186e-01,3.582635076660090334e+01
4.068506284074336898e-01,4.749945342922968772e-01,6.950291961837899635e+01
4.707803759610071914e-01,4.984265838928328973e-01,6.568593680785147626e+01
4.024659987218643376e-01,5.274361417749182657e-01,5.477861201028267146e+01
3.557422940669151545e-01,5.408517621294148814e-01,5.157817817153772921e+01
3.769025237436828824e-01,5.457246786950551432e-01,4.972627510425494535e+01
3.750000000000000000e-01,5.999999999999999778e-01,3.000000000000000000e+01
3.326520795923380014e-01,5.611662221611124490e-01,4.495159446561252281e+01
3.504889859843706712e-01,5.640540602517165603e-01,4.377963814758054895e+01
3.655646781100011511e-01,5.704463463916260579e-01,4.108936102356518916e+01
4.125999816633184047e-01,4.882810590593267275e-01,6.731301674050274642e+01
3.949475671518895559e-01,4.855422798710993804e-01,6.807638433759967711e+01
4.001288952743233263e-01,4.377983896395889474e-01,8.875109717312447799e+01
6.000000000000000888e-01,5.999999999999999778e-01,3.000000000000000000e+01
3.871011736875609177e-01,5.200730695505075829e-01,5.844898956438917281e+01
3.625000000000000444e-01,5.877077686713528815e-01,3.319686591122108865e+01
3.875000000000000111e-01,5.797262496897832573e-01,3.551681430067417011e+01
3.971196939914888868e-01,4.575475999810029171e-01,7.867542824781166644e+01
3.697943629114416875e-01,4.432801575261471339e-01,8.726235132394367611e+01
5.000000000000000000e-01,4.000000000000000222e-01,1.000000000000000000e+02
3.859004154563084321e-01,4.457342482539054518e-01,8.576768960324501734e+01
3.750000000000000000e-01,4.000000000000000222e-01,1.000000000000000000e+02
3.564727061175669287e-01,4.626905638545053545e-01,7.730000802393796278e+01
4.132257465363555760e-01,4.600016907087611795e-01,7.536241622842753429e+01
4.283854014569368762e-01,4.704586687346567486e-01,6.832206752782613535e+01
4.410969123161805339e-01,4.358134891597563731e-01,8.940010973607101619e+01
4.235073356657657606e-01,5.278140927753532941e-01,5.533384689911568444e+01
4.127429465734892000e-01,5.411935631492049703e-01,5.366652701483679522e+01
4.503368989622859031e-01,5.721226999414412706e-01,3.814977135609832004e+01
4.271720887695107938e-01,5.084930460028405097e-01,6.381617061264515911e+01
4.081383809504450233e-01,5.134378645389923168e-01,6.126694251986781126e+01
3.875000000000000111e-01,5.937166299342104825e-01,3.195124956561449636e+01
3.805707054309399595e-01,5.655406310741566411e-01,4.215792358624501190e+01
4.002130841572649755e-01,4.188986879583854184e-01,9.810305815899036475e+01
4.500000000000000111e-01,4.000000000000000222e-01,1.000000000000000000e+02
4.302776282147069975e-01,4.514983852224526140e-01,7.791401643973964042e+01
4.250000000000000444e-01,4.091686683304775474e-01,9.875740090117140824e+01
4.204350521045193134e-01,4.331351099697394180e-01,9.127623319218241704e+01
4.545972208150853566e-01,4.566998315544196774e-01,7.583160799319203704e+01
4.125688405454413510e-01,4.454248651903575662e-01,8.298962112182587703e+01
4.322574076558337031e-01,4.229689741852948881e-01,9.427891643219069806e+01
3.575566692352151188e-01,4.227105219162290428e-01,8.922008771870400778e+01
3.380387029159783729e-01,4.628622146164832474e-01,8.179405086659600954e+01
3.253890769790366289e-01,4.439042671748525959e-01,8.285490161298928058e+01
3.721334110950280105e-01,4.591621127358414545e-01,7.683703504102390980e+01
4.355255115490547779e-01,5.485032130215082846e-01,4.924654334451045656e+01
4.017799864353268080e-01,5.671251912907131487e-01,4.063242052434826945e+01
5.000000000000000000e-01,5.999999999999999778e-01,3.000000000000000000e+01
4.478427278701484493e-01,4.985494314371800018e-01,6.582487677956139294e+01
4.148094933210324520e-01,4.196456264383895407e-01,9.743016038884539398e+01
4.765178534037901592e-01,4.277247192489904148e-01,9.012931418141823769e+01
3.477832915135532499e-01,4.424502556800570252e-01,8.422171550343584556e+01
3.250000000000000666e-01,4.000000000000000222e-01,1.000000000000000000e+02
3.372974500821659949e-01,4.249692656248990619e-01,8.927951536921241882e+01
4.592067173926484558e-01,4.789136856261999031e-01,6.769907144781139152e+01
4.421521382117319932e-01,4.806788103982094773e-01,6.746501397728468419e+01
4.602805270996392917e-01,4.382200424684081774e-01,8.855090784286502981e+01
4.528580831227722592e-01,4.197238881011998712e-01,9.393718344318659774e+01
3.791514832634589882e-01,4.237880718138833935e-01,8.928385695468057293e+01
3.688490470086049910e-01,4.133297548382069420e-01,9.043934677690583612e+01
3.870832045490617546e-01,4.101475381186365787e-01,9.694537486537394955e+01
3.375000000000000222e-01,4.093566078261036134e-01,9.381252534592380243e+01
3.125000000000000555e-01,4.193743823565057594e-01,9.193534657684239164e+01
4.508255188182239137e-01,5.257803375756753272e-01,5.624986969103777312e+01
4.366831127362808540e-01,5.203051485839084167e-01,5.735080507351792534e+01
4.351213249418132145e-01,5.652104025340342064e-01,3.886105791906921780e+01
4.902436905502012832e-01,4.608881684888207486e-01,7.283663022417142940e+01
4.731832446476787468e-01,4.523019879933894427e-01,7.834107959473010396e+01
4.748814784961959412e-01,4.701700060633198786e-01,6.770694036184561071e+01
4.959283956989122277e-01,4.876506148191965817e-01,6.618741563304801900e+01
3.232761600794346046e-01,4.293633008654474947e-01,8.871082136660110962e+01
4.593789086299209790e-01,5.110646091621821041e-01,5.894523697854871358e+01
4.991246986947805442e-01,5.354595403635908912e-01,4.976051120955061435e+01
4.750911543158423678e-01,5.300408721324919581e-01,5.499917165838799349e+01
4.541017403375703365e-01,5.444987369946688860e-01,4.996570477777200381e+01
4.195400350114922849e-01,5.591674767254369849e-01,4.446378696970256073e+01
4.250000000000000444e-01,5.999999999999999778e-01,3.000000000000000000e+01
4.918003236647052190e-01,5.119379087306085152e-01,6.047237010415040004e+01
4.815597579573561160e-01,5.573581263738451863e-01,4.622887758161971306e+01
4.500000000000000111e-01,5.999999999999999778e-01,3.000000000000000000e+01
4.757158526977205426e-01,5.138546481110587427e-01,5.991551858584715973e+01
4.856510057727081997e-01,4.983982513052770402e-01,6.540356583497342058e+01
5.445587405319453067e-01,5.084107036330280938e-01,5.633582690642993640e+01
4.886719564939518978e-01,5.258132279096652262e-01,5.750580315711835766e+01
4.849953660554780499e-01,5.421200944122341880e-01,4.751216058234304995e+01
5.186019964102182023e-01,5.164933456654221544e-01,5.601701368955480120e+01
5.040434926515982017e-01,5.210267021548322663e-01,5.603284927383241865e+01
5.072651960545652150e-01,5.020719802423093681e-01,6.163007577907367107e+01
5.316982223182722400e-01,4.711982218110906118e-01,6.872858860243142942e+01
5.157838632289661884e-01,4.837086815692548392e-01,6.325567411536117390e+01
5.031657661183133179e-01,4.721283223177891175e-01,6.972880678576254354e+01
5.165213088316503720e-01,4.437264085543343728e-01,8.241563916768649278e+01
5.058160782498607455e-01,4.560335175723118084e-01,7.657047937468048815e+01
4.924474391833790765e-01,4.405538909714205031e-01,8.401608600728421550e+01
5.344497445364578825e-01,4.910758227723292513e-01,5.942249771749597187e+01
5.228461509348500957e-01,5.014902902915548966e-01,6.102842929933347449e+01
4.957221677587541619e-01,4.201835388943772065e-01,9.141983209587607462e+01
5.833422471564060352e-01,4.741787256245323934e-01,6.087377419955336677e+01
5.910795563858739499e-01,4.540616372696693048e-01,7.181452845594267842e+01
5.057877146650231470e-01,4.322500696368813955e-01,8.862409955993653909e+01
5.605664024289909175e-01,4.874606699882389482e-01,5.785857438273067999e+01
5.319058470413501327e-01,4.363683915195166740e-01,8.808531079293545929e+01
5.461323123736315788e-01,4.793294458996647522e-01,6.438923381229355414e+01
5.472799358027675698e-01,4.289885659547462704e-01,9.195777084055708883e+01
5.485985639683962356e-01,4.580745922407577497e-01,7.505869280103111407e+01
5.314349904433169902e-01,4.534154653057847484e-01,7.705374711578315328e+01
5.698463052884232827e-01,4.577646422416329353e-01,7.528299085479450525e+01
5.602890936647286768e-01,4.710760298252501532e-01,6.734257969418992218e+01
5.918984044470911865e-01,4.325234691525239317e-01,7.983284400725818841e+01
5.500000000000000444e-01,4.000000000000000222e-01,1.000000000000000000e+02
5.590052318462829239e-01,4.430298977972459418e-01,7.641925331977240887e+01
5.748057108255595349e-01,4.207526827218348031e-01,9.017663722592210718e+01
5.766177728364809685e-01,4.414270151102099859e-01,7.720962434445182510e+01
6.495097655200348097e-01,4.454984143193366219e-01,6.159123323076068601e+01
6.244980412921613544e-01,4.784613288173023560e-01,5.820871628559144995e+01
6.194999624013936002e-01,4.443574877109288668e-01,7.618830445426047504e+01
6.044977797571006173e-01,4.707689527916441019e-01,6.288515512753428993e+01
6.034243338549766245e-01,4.437463170117084688e-01,7.639944343119933023e+01
6.194323423218587310e-01,4.617855643326145287e-01,6.527975289105152967e+01
6.341930853840370697e-01,4.531286657970834963e-01,6.769235509528895989e+01
6.592602497695213559e-01,4.870151182744457685e-01,5.048443067961381558e+01
6.478407454379154773e-01,4.613362759697849924e-01,5.666961791385708835e+01
7.295184022444749505e-01,4.976886949383758085e-01,3.586394999518144289e+01
6.002400471073565669e-01,5.116857411398567645e-01,5.322771246762008701e+01
5.968500759927531929e-01,4.906530659602444944e-01,5.794719150175995992e+01
6.167085032996791893e-01,4.982418851841181606e-01,5.280871851456240762e+01
5.773418425235178342e-01,5.045868623099445394e-01,5.656094483766896275e+01
6.415661213856318490e-01,4.966067291715364762e-01,5.110509173876700828e+01
5.813553630111801818e-01,4.895827509429674373e-01,5.937634814107547498e+01
6.500000000000001332e-01,5.999999999999999778e-01,3.000000000000000000e+01
6.189992903267469426e-01,5.178567473804951415e-01,4.862131617794858585e+01
6.378215799262579866e-01,5.152377783575119441e-01,5.024989345454823564e+01
5.990560358145976538e-01,5.468836342286863550e-01,4.148075944284654781e+01
6.317524247806536319e-01,5.479834981799334148e-01,4.093806741276031858e+01
6.047884704193241534e-01,5.294576050211402540e-01,4.718124697203562334e+01
5.787953493226501989e-01,5.305628357728537914e-01,4.537624329115898547e+01
8.000000000000000444e-01,4.499999999999999556e-01,2.495801591687586196e+01
5.749999999999999556e-01,4.000000000000000222e-01,1.000000000000000000e+02
5.874999999999999112e-01,4.104942773817665258e-01,9.184572850781816555e+01
5.625000000000000000e-01,4.102602242992751669e-01,9.940292852422824410e+01
5.606744466635502633e-01,5.041338704261577597e-01,5.714119383988818157e+01
5.577387880331828862e-01,5.255734325916432415e-01,5.146847720008818072e+01
5.706551845702638737e-01,5.179896725251648126e-01,5.361079406778880951e+01
5.750000000000000666e-01,5.999999999999999778e-01,3.000000000000000000e+01
5.364976145950253184e-01,5.282433585857292391e-01,5.190114865361408647e+01
5.629691068906267359e-01,5.504268919397758975e-01,4.085480903520340945e+01
5.186092908882504737e-01,5.359850210602933318e-01,5.153413790962955687e+01
5.488175528329901631e-01,5.404279539678357169e-01,4.818952174979277459e+01
6.400852046886658098e-01,4.808996604000170816e-01,5.411893397445812326e+01
5.860024471020452985e-01,5.171309039223301873e-01,5.334231201397535926e+01
6.763481584934434299e-01,4.563335614798879059e-01,5.219550638047994084e+01
5.810030618361312627e-01,5.485584117475998944e-01,4.130596701630097556e+01
5.500000000000000444e-01,5.999999999999999778e-01,3.000000000000000000e+01
5.781649631599066613e-02,1.763547162152950820e-01,7.526542886991926196e+01
5.122839913353849361e-02,1.919528339161439279e-01,7.463883627588916170e+01
4.027449894637728095e-02,1.774227537575061298e-01,7.516787366336984633e+01
0.000000000000000000e+00,1.124999999999999889e-01,7.671224402848491764e+01
2.582271891517400886e-01,5.794124257113247856e-01,3.773667909626395556e+01
2.536226663524460689e-01,5.603081100360192135e-01,4.441985583422514594e+01
2.750000000000000222e-01,5.999999999999999778e-01,3.000000000000000000e+01
2.625000000000000111e-01,5.930575811499567696e-01,3.297123023008150255e+01
2.875000000000000333e-01,5.845295600608559905e-01,3.796758017525772999e+01
2.988678054253435246e-01,5.657663235259391410e-01,3.931521257577455231e+01
2.860432519421479691e-01,5.444958437205827950e-01,4.797709905219044657e+01
3.165658447212298943e-01,5.761833345359206326e-01,3.592617034717729041e+01
3.025869092481663913e-01,5.490225974444817858e-01,4.469626442232004848e+01
2.662868056420241714e-01,5.451311422655747974e-01,4.786945406766779598e+01
2.843468645342343559e-01,5.265624408237132847e-01,4.893713691581716319e+01
3.250000000000000666e-01,5.999999999999999778e-01,3.000000000000000000e+01
3.032485815399782458e-01,5.845899970432094639e-01,3.788288912943961861e+01
2.590099966826274747e-01,5.286658678946193346e-01,5.252169942445779327e+01
2.444100724377267497e-01,5.263607423951366382e-01,5.281869146585449926e+01
3.375000000000000777e-01,5.911148194135112943e-01,3.567177334085803864e+01
2.530731588318147485e-01,4.796306687827758819e-01,6.545639152099647617e+01
4.036523498160190515e-01,5.837577239789324413e-01,3.410988497009205389e+01
4.356572297304659447e-01,5.842334085450152648e-01,3.657810863578495741e+01
4.196414535320940886e-01,5.848928516205886829e-01,3.593075826534178674e+01
5.110854588469968540e-01,4.128946306254415721e-01,9.373229444509547648e+01
5.250000000000000222e-01,4.000000000000000222e-01,1.000000000000000000e+02
5.199337262185326214e-01,4.274158930132938572e-01,9.303482787498637663e+01
5.375000000000000888e-01,4.134489940212317527e-01,9.417698628159264729e+01
6.133498101903973598e-01,4.205962256928474363e-01,7.731922719139906519e+01
5.988048430333416938e-01,4.196908178682817736e-01,7.904138743432052649e+01
6.238922569290255016e-01,3.476393027807494485e-01,9.252062632130028419e+01
6.351626214697729811e-01,4.276269491792577537e-01,7.359369881032606031e+01
5.999999999999999778e-01,3.000000000000000444e-01,1.000000000000000000e+02
6.580383061675381118e-01,4.239570855856951703e-01,6.544182893184701300e+01
6.180882821199344956e-01,4.029003294280482095e-01,8.452298306092932023e+01
6.338042103622121282e-01,4.103065298757198609e-01,7.825808616557073094e+01
6.535504633266102648e-01,4.012277187704480497e-01,7.274235263748740010e+01
6.792980138748719865e-01,4.851258886629165046e-01,4.816324120778310203e+01
5.999999999999999778e-01,3.500000000000000333e-01,1.000000000000000000e+02
6.724080248958077544e-01,5.192565285750385673e-01,4.264218353351287050e+01
6.679283297021485488e-01,4.717434708680109945e-01,5.049603813803586405e+01
6.685129576045598654e-01,3.778720590633432574e-01,6.895063410632924672e+01
7.000000000000000666e-01,5.999999999999999778e-01,3.000000000000000000e+01
6.560487526910613321e-01,5.092093262274423049e-01,4.618770427192777106e+01
6.747722641780075081e-01,4.250684806609463240e-01,5.533730174227958543e+01
6.720904161647817121e-01,5.014316478609903704e-01,4.510273701131329460e+01
7.170240910226723940e-01,4.005027869593701939e-01,4.662311838312034240e+01
6.673021402915990663e-01,4.400837328676578397e-01,5.537572025512073992e+01
7.032423334808434179e-01,4.960679283539191076e-01,4.180570161615003144e+01
6.730500371277561289e-01,4.052358669995926865e-01,6.145053082487279994e+01
6.533754234168059893e-01,5.322167167903781859e-01,4.209152568332560662e+01
6.939607526443609675e-01,3.928695432306668622e-01,5.620762047126372352e+01
6.740976358637665866e-01,3.507026931503725020e-01,6.876869382610712478e+01
6.893144986437592658e-01,4.167148008458861352e-01,5.403448866360544400e+01
6.655213613954368279e-01,3.924261243643346608e-01,6.840232569382980898e+01
7.021327626499307417e-01,4.068371519285028381e-01,5.096403296981304010e+01
7.266423120582276018e-01,4.437851063823228803e-01,4.350275292258796611e+01
7.089389088681963269e-01,4.289254951211691202e-01,4.546178590023673394e+01
7.192200249057144612e-01,3.552091251851418052e-01,5.158166644968058279e+01
7.315273023260430163e-01,4.199897182159052500e-01,4.076320509007707926e+01
7.025934266533256922e-01,4.544608802054135865e-01,4.701153195933340356e+01
7.118256645248253189e-01,3.775506934118115221e-01,5.217238728035244577e+01
7.168094335719770172e-01,4.158030429306053266e-01,4.561981526678739840e+01
7.529755849202285356e-01,3.998525334654655650e-01,3.809824653230367630e+01
7.758169730269541819e-01,4.086704335591374582e-01,3.125366631697949416e+01
7.120082107027713159e-01,4.432443204283665894e-01,4.424095556624563841e+01
6.901143759584402737e-01,3.703073859685512281e-01,6.053692455220940616e+01
7.522382270912383317e-01,4.152679416343890151e-01,3.741852200758453506e+01
7.445071240698606374e-01,4.350534824353927132e-01,3.765287244232155217e+01
7.429014989640263522e-01,3.881610280991948936e-01,4.269888021654094956e+01
7.483813507430400191e-01,4.656215320112609413e-01,3.351095186323304631e+01
7.412338764868825480e-01,4.509978738326317349e-01,3.541401849028854798e+01
7.233591614306753570e-01,4.687928705363016424e-01,4.251067519789554439e+01
6.825085639575189100e-01,3.832129601802856111e-01,6.365847094208835699e+01
6.762358645286358216e-01,3.653008570565251523e-01,6.800775709922569945e+01
6.550563454032471977e-01,3.609473951325741781e-01,7.925574127322104800e+01
6.474208184782359599e-01,3.808302511060848716e-01,8.019364248993683475e+01
6.328388562702068620e-01,3.919773382592427469e-01,8.375193705777009257e+01
6.432810735898936150e-01,3.162434396443340456e-01,8.111472940738102011e+01
6.327648023254521803e-01,3.637944176754037695e-01,8.870652476613288684e+01
6.545450769531198087e-01,3.371792521413767840e-01,7.476716589504323451e+01
6.971308134059853723e-01,3.482299971066220023e-01,6.283054483413452829e+01
7.046852210512141168e-01,3.627929947976038516e-01,5.771956041021324779e+01
8.000000000000000444e-01,3.750000000000000000e-01,2.510616622776828422e+01
7.662560657992473212e-01,4.478265353075909783e-01,3.102648050479237796e+01
7.825948547158907420e-01,3.810653223794469580e-01,3.000755436768125151e+01
7.593685214058416566e-01,4.294572848573131596e-01,3.411433684826960899e+01
7.376008234005057007e-01,4.808615565556211280e-01,3.502888409303290018e+01
8.000000000000000444e-01,5.249999999999999112e-01,2.510991551683101264e+01
8.000000000000000444e-01,4.874999999999999334e-01,2.511700153487912601e+01
7.576600703458858943e-01,4.836181269991345899e-01,3.274169247712941200e+01
7.789665849196831804e-01,4.840697034226204565e-01,2.803965354387481668e+01
7.524906177783839967e-01,5.084565106322552763e-01,3.207914465574017981e+01
7.638730281024941338e-01,4.690245704170278862e-01,3.001917386633003559e+01
7.459941069768297739e-01,4.941472995189430395e-01,3.424435725265412600e+01
7.035710436348298069e-01,4.752542174887869897e-01,4.511085946486466014e+01
7.177337047856743313e-01,4.850962987842001306e-01,4.013519497610035813e+01
6.935965447552330243e-01,4.855061416887209713e-01,4.799116089755354153e+01
6.901890693866559179e-01,4.654637323383805092e-01,4.807453673703163588e+01
6.279154981555847836e-01,3.778987173781779285e-01,8.850908734041125570e+01
5.999999999999999778e-01,3.750000000000000000e-01,1.000000000000000000e+02
5.999999999999999778e-01,3.250000000000000666e-01,1.000000000000000000e+02
6.422454541684878837e-01,3.493333955056391327e-01,8.315364779930253292e+01
6.850306393090093149e-01,3.072791713427903693e-01,6.274482320936462543e+01
7.340746390218155781e-01,4.029533582091517352e-01,4.257871458427911904e+01
7.261644755985320332e-01,3.863678351806958955e-01,4.516175523679611103e+01
7.366310468314443138e-01,3.676818918300595596e-01,4.554032109217288848e+01
7.559766337444470130e-01,3.222883355994927146e-01,4.250492601467370690e+01
7.685742211163177906e-01,3.691008311076002246e-01,3.479128895647532715e+01
7.412578414062592769e-01,3.428346364656981171e-01,4.490272092512509516e+01
7.523504583364328813e-01,3.740683417772252550e-01,4.103164654808493594e+01
7.554959834141763420e-01,3.553645937643531427e-01,4.022953001876066281e+01
7.646381060747231562e-01,3.852225325215369867e-01,3.589024080581284437e+01
8.000000000000000444e-01,4.124999999999999778e-01,2.529435540284086414e+01
8.000000000000000444e-01,3.937499999999999889e-01,2.523182847285416130e+01
7.801020677733907505e-01,3.237768602096588455e-01,3.533781904130241713e+01
7.848504696782377943e-01,3.962537854991028952e-01,2.899114670669359839e+01
8.000000000000000444e-01,3.375000000000000222e-01,2.511445131275714360e+01
7.612515251006215511e-01,3.389066094984637956e-01,4.009950914471760086e+01
7.828710886277874259e-01,4.529024332622298976e-01,2.888512425832750452e+01
7.880125198254386287e-01,4.312499999999999667e-01,2.951620974081177806e+01
7.734207348648924896e-01,4.346642785325401936e-01,3.100378851546110326e+01
8.000000000000000444e-01,4.687499999999999445e-01,2.572127707793955409e+01
7.796175143582236844e-01,4.683230441773104102e-01,2.813257547885650567e+01
8.000000000000000444e-01,5.062499999999998668e-01,2.504246649326718099e+01
7.679978953457814450e-01,4.987268060584494900e-01,2.886225993260309153e+01
6.303930672718328632e-01,5.307962578289370237e-01,4.246404073442668192e+01
6.835231217163338924e-01,3.299877096918600317e-01,6.523121793542050284e+01
7.209375822800452305e-01,3.127325591159081930e-01,5.142236940040261572e+01
7.808361726600074881e-01,3.439995622486043958e-01,3.468031574620582802e+01
8.000000000000000444e-01,3.562500000000000111e-01,2.523390930700656654e+01
7.848979336565414799e-01,3.641691393033453239e-01,3.184214986305055817e+01
8.000000000000000444e-01,1.499999999999999944e-01,2.595233917169594307e+01
8.000000000000000444e-01,3.187499999999999778e-01,2.551274799523129388e+01
7.734761363984252736e-01,5.246807296325757264e-01,2.899181207866643817e+01
7.846426587757918680e-01,4.997501896796589516e-01,2.814511159856997580e+01
6.155648584491733022e-01,5.426584660512887570e-01,4.005497757320455321e+01
6.696813126359738577e-01,3.361914021166307887e-01,7.170781471439875077e+01
7.366838213099076160e-01,3.240127220949881592e-01,4.530839064486426082e+01
7.177053403231961060e-01,3.338748701895405957e-01,5.178043015347726197e+01
7.432895497153455544e-01,2.981612836725757720e-01,4.647792657747363165e+01
7.018982570692469114e-01,3.206400507066922700e-01,5.687328579644118065e+01
7.687469651132843307e-01,3.115638567715197649e-01,3.870344984370931485e+01
7.837646546787163659e-01,3.041364809122420465e-01,3.153108124822055913e+01
5.924273780061976025e-01,5.735680070308171175e-01,3.661493994165348198e+01
5.250000000000000222e-01,5.999999999999999778e-01,3.000000000000000000e+01
5.083113513983891218e-01,5.563252923696542229e-01,4.501184584197081762e+01
5.221267320648370625e-01,5.505428157538669875e-01,4.382688109093689377e+01
5.431161061495465292e-01,5.635111006981836645e-01,3.641170357293593440e+01
5.451602793603903541e-01,5.820192504348953300e-01,3.091931978913919821e+01
5.276406592026877673e-01,5.650883968287893078e-01,3.873543694281460148e+01
5.370993830398790303e-01,5.497793028479562860e-01,4.044135530303633175e+01
5.579280505340502572e-01,5.643818040340355946e-01,3.674541110819654222e+01
2.280177805597460861e-02,1.311687893154849793e-01,7.600124693175320090e+01
4.636441820567388516e-01,5.598678011639366403e-01,4.436227768541704819e+01
4.697225284915936272e-01,5.798205926880098948e-01,3.612486637585110572e+01
6.143325744729715154e-01,3.634035742058075447e-01,9.256238659391340207e+01
6.896094147984150879e-01,5.100347594005981700e-01,4.025341176649133956e+01
7.021946802266744170e-01,5.541638707029397093e-01,3.222308139308430697e+01
6.910999466045308903e-01,5.334688353696964702e-01,3.666520768435369604e+01
6.021832479329612964e-01,5.618259620875991622e-01,3.776203067841156980e+01
7.095814800312418846e-01,5.368822680775731104e-01,3.568438371952681365e+01
7.276236882966374830e-01,5.316194435923822237e-01,3.434237030911456401e+01
7.107634160351133934e-01,5.170461106295578535e-01,3.682116053136856237e+01
6.714246490018981328e-01,5.573383759951895389e-01,3.485880777619323823e+01
6.002803785446886309e-01,5.856189191155861673e-01,3.330975954870472577e+01
5.649596004906189961e-01,5.829119790693948477e-01,3.433996007645711046e+01
5.753375267313863839e-01,5.683747204029278022e-01,3.782495941284002328e+01
5.809888256532799167e-01,5.849874222410456071e-01,3.381830756453351938e+01
6.211806059303119909e-01,5.639037153844014272e-01,3.817031339993937422e+01
6.475180921555580005e-01,5.699229045257929727e-01,3.240026627700741102e+01
6.250000000000001110e-01,5.999999999999999778e-01,3.000000000000000000e+01
7.353972338195337022e-01,5.150352478472665085e-01,3.452306160085453257e+01
7.512179927404709634e-01,5.325648991732114812e-01,3.111564339164475612e+01
7.159819287689779266e-01,5.033378556200240883e-01,3.768572012038998054e+01
6.714365436865097347e-01,5.382850627305043600e-01,3.816667079041998534e+01
6.861584992763275492e-01,5.494394697410525108e-01,3.465096783871778996e+01
6.375000000000000666e-01,5.858905285031650312e-01,3.085720476619437136e+01
6.192944645726304875e-01,5.823535002102686597e-01,3.380588553041529565e+01
7.596188154666796422e-01,5.209205751053848088e-01,3.062105453207043482e+01
7.232254437187701779e-01,5.529337035052288574e-01,3.218295631936844359e+01
8.000000000000000444e-01,5.625000000000000000e-01,2.531123671149732957e+01
7.389013012192525709e-01,5.450575276055692475e-01,3.207508431328096776e+01
7.630794617838325689e-01,5.627670327443138332e-01,2.965004716161684328e+01
7.500000000000000000e-01,5.999999999999999778e-01,3.000000000000000000e+01
7.430314113471701010e-01,5.728154583832310021e-01,3.102138176220917032e+01
7.665963642450859261e-01,5.406191980598612501e-01,2.948512143627081983e+01
8.000000000000000444e-01,5.437499999999999556e-01,2.499831721577178456e+01
7.824311448240908184e-01,5.514353273280407919e-01,2.791834092492207020e+01
7.858836612272480648e-01,5.354037780879007391e-01,2.769673839504159218e+01
6.883760808352642480e-01,4.400550462204350644e-01,5.466785342363390754e+01
6.345416052343907376e-01,3.325311035608968790e-01,8.420528312386788627e+01
6.167229023641231933e-01,3.312785107507257298e-01,9.475994818862416480e+01
8.000000000000000444e-01,2.812500000000000000e-01,2.522702872072045466e+01
7.585334822971772084e-01,3.000850454744079521e-01,4.388675189975210600e+01
7.230476774266877404e-01,2.319782724104845761e-01,5.229571330276596086e+01
7.714682305704908538e-01,1.665652796341963449e-01,2.952578875337793463e+01
7.480223717126057714e-01,2.799114063010565978e-01,4.735554312371374408e+01
7.868480430957321969e-01,5.157040356968157768e-01,2.751737866569221325e+01
5.095931539967339940e-01,5.791974050945939423e-01,3.685969887836093051e+01
5.276174138124928303e-01,5.826423078407086953e-01,3.314337602290042639e+01
5.124999999999999556e-01,5.931511498978648822e-01,3.006884304586998624e+01
4.749999999999999778e-01,5.999999999999999778e-01,3.000000000000000000e+01
0.000000000000000000e+00,1.312499999999999778e-01,7.613321430931850387e+01
3.120884433503286551e-02,8.934930096032096813e-02,7.756159118000853425e+01
5.303850062754736361e-02,9.973809635364316861e-02,7.788112447331802457e+01
4.624999999999999667e-01,5.924892888926679424e-01,3.194297104176392565e+01
4.874999999999999889e-01,5.859510994567589393e-01,3.409508967872169904e+01
4.953864957175818096e-01,5.685216030538200460e-01,4.137014478582608490e+01
6.129206468994647938e-01,3.864369567088916102e-01,9.198164326907544819e+01
6.889503335019364627e-01,5.765003243901569707e-01,3.140600312527375948e+01
7.750000000000000222e-01,5.999999999999999778e-01,3.000000000000000000e+01
6.750000000000000444e-01,5.999999999999999778e-01,3.000000000000000000e+01
6.673724315971474308e-01,5.786401151028663925e-01,3.118771549665921583e+01
6.530324099278980166e-01,5.847217015104301252e-01,3.025568215649771986e+01
7.014490223371936395e-01,5.688165633237078911e-01,3.211099950614424614e+01
7.845698922495540906e-01,5.675198955990975458e-01,2.773135449309389600e+01
8.000000000000000444e-01,5.812500000000000444e-01,2.408432259755242200e+01
6.875000000000000000e-01,5.915299209307394168e-01,3.086363463327325363e+01
7.480863043124206246e-01,5.578771139757973119e-01,3.099957417295994233e+01
6.505774785787317160e-01,5.510901170064778087e-01,3.780391953195995569e+01
6.214443110427969597e-01,3.086445685170856601e-01,8.945670995270415915e+01
6.074255784525808277e-01,3.125000000000000555e-01,9.413523533105040997e+01
6.854287099602942579e-01,2.602328961092303938e-01,6.333493725843656108e+01
6.753190990690237649e-01,2.972025272639076676e-01,6.967871211911712237e+01
6.561708098876609663e-01,3.228064987732457980e-01,7.612477199996246213e+01
6.390189590163900535e-01,2.933159898079296113e-01,8.142482182927706447e+01
5.999999999999999778e-01,2.500000000000000000e-01,1.000000000000000000e+02
6.618313157743634934e-01,3.009351498702826366e-01,7.387706380630969250e+01
6.696983736513721919e-01,3.176855549564969738e-01,7.241310659554633844e+01
6.790105290105105107e-01,2.837034119331745541e-01,6.699179139078046319e+01
6.566243208486376437e-01,2.785647332919555796e-01,7.510145829233806580e+01
7.113689213459222227e-01,2.799392397571974223e-01,5.145407598429234497e+01
7.296948155575959660e-01,2.788310292182973882e-01,4.923439804421127519e+01
7.214632268696068440e-01,2.947865182857855593e-01,5.106609939320426861e+01
7.019353849451135385e-01,2.972079493028805253e-01,5.590423668823490289e+01
6.952506661243151864e-01,2.823451996083842230e-01,6.463440393861422706e+01
6.706478069015447963e-01,2.688037588439812775e-01,7.010197797867904512e+01
6.404056175781509541e-01,2.403093159947156110e-01,8.056226394163098803e+01
6.525335117971429177e-01,2.577333299943078138e-01,7.700876298590583247e+01
6.247550960863358371e-01,2.641355657989818972e-01,9.205289390228082880e+01
6.710374474971105840e-01,2.319209760879527848e-01,6.896098525150570424e+01
6.698235327352247692e-01,2.503516014514676202e-01,7.118000179328605270e+01
6.568516273097551039e-01,2.402419305108224046e-01,7.956984153594457609e+01
6.485035771031504304e-01,2.097572271099164554e-01,7.846269186098875537e+01
6.567845654823863955e-01,2.238749119512797869e-01,7.422740331064723307e+01
6.788418606435016045e-01,2.014492730896213779e-01,6.504375112136433756e+01
6.373599915284644535e-01,2.553619939591539323e-01,8.580955539416640931e+01
6.389030792797188996e-01,2.752962183106686389e-01,8.488179873885970039e+01
2.100318199602241656e-02,1.101062986690019146e-01,7.679607305561509634e+01
8.501084744570177112e-03,9.375000000000000000e-02,7.729980610723190182e+01
0.000000000000000000e+00,3.749999999999999861e-02,7.857399831503283849e+01
5.659825031794916278e-02,1.241580133592344870e-01,7.673292932801065547e+01
1.277745592768731939e-02,5.624999999999999445e-02,7.830193681591386223e+01
4.460274570772968655e-02,1.402799931134884881e-01,7.620311238889783567e+01
1.155279338630176011e-01,1.504856673515125587e-01,8.138030784417823327e+01
9.679423945223540604e-02,1.413345618263286974e-01,7.975727670240915756e+01
6.133609296950488787e-02,1.546081460139956676e-01,7.657547223692645844e+01
6.055210803459509794e-02,1.391364738895962128e-01,7.701882964295822376e+01
4.724888654185645243e-02,1.627323055010788111e-01,7.594623262761251681e+01
7.557741305632580120e-02,1.353645407370815956e-01,7.801446143471861205e+01
4.000000000000000222e-01,0.000000000000000000e+00,9.535470821102373407e+01
8.555714510894590896e-02,1.758621100975048812e-01,7.806043015695509268e+01
7.263433126769044956e-02,1.929566240598489246e-01,7.616844677215692627e+01
1.044747015423819203e-01,1.681639052126704670e-01,7.986731011268966540e+01
7.490343774755049699e-02,1.497572425643149685e-01,7.765387513675496223e+01
7.153247342925463104e-02,1.674164915152639987e-01,7.716921242005943782e+01
7.358019507400714865e-02,1.134144611369679728e-01,7.883993673572039995e+01
9.976432514679946240e-02,2.000340465644239729e-01,7.822888365368012842e+01
8.766272164174652992e-02,1.908856864752764559e-01,7.770289477856239557e+01
3.009469697146148481e-02,1.443564455134222213e-01,7.599108084225245818e+01
3.689205087165561836e-02,1.280919764288721285e-01,7.638973268010627748e+01
1.308128733949562583e-01,9.544418583900271535e-02,8.347337729985824240e+01
1.513766178931434114e-01,1.743933190437991776e-01,8.511844515007329903e+01
1.405826023628860000e-01,1.271861986333402417e-01,8.428273525237081287e+01
1.600688386699776755e-01,1.398058375695541700e-01,8.591147076467008503e+01
1.795215202935844523e-01,1.896224324896504942e-01,9.172884701663872420e+01
1.180623519190807935e-01,1.215464280489533255e-01,8.166246769086451707e+01
2.000000000000000111e-01,0.000000000000000000e+00,1.000000000000000000e+02
1.390464837319999869e-01,1.503510217893254675e-01,8.237917043253095528e+01
1.105985407963856471e-01,2.121580211008429195e-01,7.750228946459220936e+01
3.879395560695747536e-02,1.104007057124812424e-01,7.703583772001411489e+01
2.773280963503483298e-01,5.824680101537957344e-02,9.555559542639865356e+01
1.000000000000000056e-01,0.000000000000000000e+00,8.289022335845535849e+01
1.719699836076924587e-02,7.850519096000256603e-02,7.783504449440494000e+01
1.277872295183878626e-01,1.379710483103815388e-01,8.197682427556274831e+01
1.323314101664662401e-01,1.123512988492272879e-01,8.418415118060698887e+01
1.714275750099449047e-01,1.003180690511967232e-01,8.878788589297182909e+01
1.531556496864307504e-01,1.104809397033060525e-01,8.489204496049862314e+01
1.523606469343994074e-01,8.754452376766527766e-02,8.727313512045287780e+01
1.713418236448250587e-01,1.216709684777865924e-01,8.875922390686196195e+01
2.068791831775938228e-01,1.111370614882488672e-01,9.270454694823889952e+01
1.868560286469824194e-01,1.438860851933655982e-01,9.122502508468986093e+01
1.875262469851554648e-01,1.110593417994878984e-01,9.203083747000427195e+01
1.743370473273231913e-01,1.361040445509559549e-01,8.946691215665313734e+01
1.973319069153479932e-01,7.892821538517649782e-02,9.229235936825514841e+01
1.971361410696856331e-01,1.276757590277421694e-01,9.255756418109976380e+01
1.972614666370776648e-01,9.646850964620770630e-02,9.239132768502554427e+01
2.264535557773755536e-01,8.781545393590255155e-02,9.397521056772976067e+01
2.131588953116875240e-01,9.653235232084914075e-02,9.259933703163554242e+01
2.432609980851362652e-01,9.538202498036646437e-02,9.491817000657572123e+01
1.394005118798524734e-01,1.653523718880636761e-01,8.323800188688319679e+01
1.555682015186660716e-01,1.570607440035775015e-01,8.565883568336177234e+01
1.718533449185042083e-01,1.701721429327048840e-01,9.016900714899124125e+01
1.646773477580886769e-01,1.842379563300923784e-01,8.829094640480165879e+01
1.721996080675450291e-01,1.530728017438590660e-01,8.847199798575630325e+01
1.991398020311424544e-01,1.706513131879550671e-01,9.472431561273550926e+01
1.868154666734846703e-01,1.601061044383388365e-01,9.179110856768892290e+01
1.853972231699270723e-01,1.760692533427862805e-01,9.350730866016326104e+01
1.444486737711714319e-01,9.930074775094202555e-02,8.502845319354292997e+01
4.107300689055345261e-02,6.212914171837924382e-02,7.880752821131764563e+01
1.735592363144920491e-01,7.651889437403104621e-02,9.068499648934329116e+01
1.244669786453598964e-01,4.479701865252925380e-02,8.403376392447776766e+01
4.887641651995118519e-02,8.035436526323259943e-02,7.853937269011555600e+01
8.307459897485849898e-02,5.492870106283883475e-02,8.005706406722332247e+01
7.821090977799449728e-02,8.419435659468277322e-02,7.899317417657492513e+01
6.293489236087182470e-02,6.355182604882612940e-02,7.912951614240688514e+01
6.286087476741601676e-02,8.749032353059327249e-02,7.892249299607752278e+01
5.000000000000000278e-02,0.000000000000000000e+00,7.926712063892298943e+01
7.717736662857602181e-02,6.898561249796733574e-02,7.955091397534626196e+01
1.081820381437140904e-01,7.372738652364842216e-02,8.152932261061643260e+01
6.086245532104440914e-02,3.088138372929662839e-02,7.965806057127232975e+01
6.769908915433751895e-02,4.684865775739234517e-02,7.960225000855120925e+01
4.914002708108777123e-02,4.534776353442860480e-02,7.903489617828209646e+01
8.676441681102660397e-02,2.923830268769303520e-02,8.110761387818585888e+01
2.960604132363679752e-02,4.628717843670054899e-02,7.857680453764943707e+01
2.566451236808689473e-02,6.525724903131116528e-02,7.832032971977153579e+01
1.829983626344608705e-01,8.935939712617009534e-02,9.092872792926098668e+01
1.893550027454359297e-01,3.914935987920333677e-02,9.229357732009425774e+01
1.505811030740022427e-01,5.823135209668572898e-02,8.812084506504132264e+01
9.468138926669943112e-02,1.520726401746586888e-02,8.285714481403941534e+01
1.024841177262467429e-01,4.460624246114023445e-02,8.146335575280527053e+01
1.500000000000000222e-01,0.000000000000000000e+00,8.896532285601200840e+01
1.133636496790056403e-01,5.759553148902057246e-02,8.246102354346868424e+01
9.775957407540754318e-02,6.148154857761499448e-02,8.039361572788901356e+01
1.135551015205513298e-01,3.553481639263421366e-02,8.286542139562685350e+01
1.339987664588567495e-01,2.250875305941453519e-02,8.591281074137037876e+01
1.872146838423471849e-01,6.026779782439188604e-02,9.188182261702687015e+01
1.689249919701181768e-01,5.876210038045198703e-02,9.162930099802656514e+01
1.250000000000000000e-01,0.000000000000000000e+00,8.328246838760024673e+01
2.043769689927059097e-01,2.221203611870877989e-02,9.577284709105575189e+01
2.055779413761314733e-01,6.238455218859219331e-02,9.283744616371069469e+01
2.060253111835596562e-01,4.479112764436107841e-02,9.348492659706128904e+01
2.212016804045331131e-01,7.084299659729512144e-02,9.371666903780889868e+01
3.000000000000000444e-01,0.000000000000000000e+00,9.571739535134796029e+01
2.459007672169912229e-01,7.249901641803010999e-02,9.492451977625455584e+01
2.635475870063831993e-01,6.872674677391510389e-02,9.532743288664183012e+01
1.579980658605800725e-01,7.249168526649724109e-02,8.857324261195203974e+01
1.351291391046202106e-01,7.388001194295616691e-02,8.509827967667790460e+01
1.216069710115028901e-01,8.238748378822252638e-02,8.229688405807465301e+01
1.006128526137572282e-01,1.001969346324758647e-01,8.106725148785372426e+01
9.683989018145118532e-02,1.205927537897929641e-01,8.053555569855585361e+01
1.343590507932816147e-01,5.766640310486806364e-02,8.522748962047359100e+01
8.786942731751115621e-02,1.083864501462584728e-01,7.946710250867619152e+01
7.500000000000001110e-02,0.000000000000000000e+00,8.075202039580541680e+01
5.384344718727576695e-02,1.599918997475418062e-02,7.928297389455165955e+01
2.500000000000000139e-02,0.000000000000000000e+00,7.891047160719401177e+01
4.362027599189927801e-02,2.889232523502647740e-02,7.905334159553453333e+01
1.605099091889413687e-01,3.233783557108368956e-02,9.162188866261837461e+01
2.116631776466542658e-01,8.196038584032330765e-02,9.261828241105179416e+01
7.303427051875437115e-02,1.777687268605497931e-02,8.050669239312686898e+01
1.159161910602087425e-01,1.668479614353187909e-02,8.299380301219392209e+01
1.375000000000000111e-01,8.055812768527528811e-03,8.623203094390912327e+01
1.427944324143323451e-01,3.945261533634419199e-02,8.750830366079176770e+01
2.500000000000000000e-01,0.000000000000000000e+00,9.595002761319145179e+01
2.353282421775486355e-01,4.516725917382252709e-02,9.505029784605312670e+01
3.303693498524569172e-01,1.937599380417442257e-02,9.588673996224177642e+01
2.250000000000000056e-01,0.000000000000000000e+00,9.612532150957734700e+01
2.342468254743229894e-01,6.129629621732684414e-02,9.441889444661420328e+01
2.196124504040610492e-01,5.393902485567601823e-02,9.388153550553863624e+01
2.208387564110363410e-01,3.235998844230639909e-02,9.510477496380708828e+01
2.197087357812400055e-01,1.576713050124483456e-02,9.610520855500324444e+01
2.531302627782326953e-01,5.399176720579977606e-02,9.527588910933438626e+01
2.555381992887645892e-01,2.676553836314778112e-02,9.556163435294338626e+01
2.371169264046640301e-01,2.291649117964535132e-02,9.559123598649716769e+01
2.490229920843637368e-01,3.990891728582308950e-02,9.540521055000057515e+01
3.007760328523191862e-01,4.814241622631934558e-02,9.584854962332356365e+01
2.575229247923431775e-01,8.370552889216074932e-02,9.524234692038716332e+01
3.250000000000000666e-01,0.000000000000000000e+00,9.581653493689904622e+01
3.751272922580176084e-01,1.598607428378479578e-01,9.882209408281062224e+01
3.650790273326061097e-01,4.436730012456921446e-02,9.588443407582325051e+01
3.034230359566459367e-01,7.159977036201974065e-02,9.612404364849109584e+01
3.181080843764613753e-01,3.599853611461685532e-02,9.590394463596014418e+01
3.166320165166743861e-01,5.233216515887584297e-02,9.599236103704623702e+01
3.386951957552343795e-01,3.767734194415274518e-02,9.591768723214892134e+01
4.000000000000000222e-01,2.000000000000000111e-01,1.000000000000000000e+02
2.374999999999999889e-01,8.052330316911941038e-03,9.602546614176780793e+01
3.875000000000000111e-01,2.893479890776011476e-02,9.564717028313596359e+01
3.875000000000000111e-01,1.176736340907977470e-02,9.559787167661006890e+01
2.924007772565157537e-01,6.096553216951173387e-02,9.585649825812306801e+01
3.625000000000000444e-01,9.739159094705747421e-03,9.568791901690134694e+01
2.625000000000000111e-01,1.136929705568823917e-02,9.558163037541963547e+01
3.750000000000000000e-01,0.000000000000000000e+00,9.564566999165954542e+01
2.612464383593051664e-01,9.941526839527814463e-02,9.552220992137053202e+01
2.875000000000000333e-01,1.273984445167047029e-02,9.564487491237035499e+01
2.762728356507501704e-01,4.096623025695725340e-02,9.556263871848913993e+01
3.512653313962816326e-01,2.091428510010782255e-02,9.579226367397902209e+01
2.803561744904712327e-01,7.529269329646204323e-02,9.569613557832467166e+01
2.750000000000000222e-01,0.000000000000000000e+00,9.560279554339243191e+01
2.342961457547636517e-01,1.142733427298077975e-01,9.476386998553611818e+01
3.023386838895409379e-01,2.265786325983162180e-02,9.574125778881307269e+01
2.873486284612368213e-01,2.902565473941152996e-02,9.564582389546825425e+01
3.125000000000000555e-01,1.015941148815381785e-02,9.577669020286819546e+01
2.703859956395516240e-01,2.732387309868349393e-02,9.557772732173219765e+01
3.500000000000000333e-01,0.000000000000000000e+00,9.575763075374075584e+01
3.260428587041976911e-01,6.576355612942272333e-02,9.619358449660408894e+01
3.532820250647132343e-01,3.552106640689045580e-02,9.585964777091123779e+01
3.901375728481618621e-01,6.315798484445023231e-02,9.594428815307561820e+01
3.580212549241201803e-01,1.414459043929540971e-01,9.839055754224442296e+01
2.943924200789446166e-01,8.907939953123414356e-02,9.624095830756780856e+01
3.227950065745788244e-01,9.449481209633783796e-02,9.703885680032119865e+01
2.800314701075100055e-01,1.013411030323057294e-01,9.596795058731555628e+01
3.076140468235509240e-01,9.692523005821038207e-02,9.685013834327482130e+01
3.752825811447795812e-01,1.347271264330827667e-01,9.807805099046954922e+01
2.800709444726656727e-01,1.314327826702310353e-01,9.733825174816402637e+01
3.403722034302402166e-01,1.294270198819714168e-01,9.766493634240165989e+01
2.497485166418576263e-01,1.283241383741722530e-01,9.537592149717130496e+01
2.664943942418027678e-01,1.408051722928689298e-01,9.663783361721142739e+01
2.686785328865536893e-01,1.195005841442972894e-01,9.600433202492970963e+01
3.174843008874155270e-01,7.934527621377197859e-02,9.639950589668109160e+01
2.721514970869324257e-01,8.821664719812387367e-02,9.562638476534344534e+01
7.250000000000000888e-01,5.999999999999999778e-01,3.000000000000000000e+01
7.125000000000000222e-01,5.849554614523690965e-01,3.097311378426620365e+01
7.183391608190153876e-01,5.691041620763769293e-01,3.200174333965267692e+01
7.295893079660268343e-01,5.834717150782886552e-01,3.092283277116707652e+01
7.703239280130810274e-01,5.809723667381561096e-01,2.982368412479896236e+01
7.851028596851091779e-01,5.874288129134789260e-01,2.988052977723706150e+01
6.199003213463971651e-01,2.438934269093986085e-01,9.209277435026420733e+01
5.999999999999999778e-01,2.250000000000000056e-01,1.000000000000000000e+02
6.263299533071373659e-01,2.202292584996622393e-01,8.661610773679768727e+01
6.412336393921338473e-01,2.247555022679817160e-01,8.091214242492755204e+01
6.144500497849746390e-01,2.297070100765392087e-01,9.566753580820869729e+01
6.113323003491402119e-01,2.125000000000000222e-01,9.513600270115558999e+01
4.041609440682781274e-01,4.248557617672470144e-02,9.545389285681264369e+01
6.257116448935199360e-01,2.030138502429799097e-01,8.665299348425921266e+01
5.999999999999999778e-01,2.750000000000000222e-01,1.000000000000000000e+02
6.181273503550236414e-01,2.871023752704359722e-01,9.297211025206908630e+01
6.092756630013649310e-01,2.625000000000000111e-01,9.417914499368013992e+01
8.229901943354427096e-02,2.114464496604366306e-01,7.645047492532340527e+01
1.421902186350120223e-01,2.037189825924096698e-01,8.248747812669213886e+01
9.505811749327046367e-02,8.429150276405092401e-02,7.964813625122255303e+01
1.168061351469783377e-01,1.047674540989326358e-01,8.188227636861572023e+01
1.760033456388693934e-02,3.246879016864284012e-02,7.865958200712779558e+01
0.000000000000000000e+00,1.874999999999999931e-02,7.873936520794495664e+01
3.670032076721659042e-02,1.290575828833455396e-02,7.919705493933120977e+01
1.689088725725075568e-02,1.522951634300100110e-02,7.880648299689754310e+01
1.625000000000000056e-01,1.381425279522449298e-02,9.187163654935099544e+01
1.750000000000000167e-01,0.000000000000000000e+00,9.730992244748000530e+01
1.761084670982748790e-01,3.076348614289091399e-02,9.176205689110176422e+01
1.875000000000000000e-01,1.400044164334212846e-02,9.781936879486710268e+01
1.493502402710113475e-01,2.177019608784482377e-02,8.767543892551123008e+01
3.693958701329498329e-01,2.663568058350451392e-02,9.568559690743516910e+01
3.830617841442450766e-01,4.649008268058466009e-02,9.577625647840623913e+01
5.000000000000000000e-01,0.000000000000000000e+00,9.201883905316037726e+01
3.474516446724607022e-01,5.851489837903953162e-02,9.606507826789119520e+01
3.333727154895258504e-01,5.217259264266901897e-02,9.598176180107046207e+01
3.681992042219727757e-01,6.631025640032148227e-02,9.607874020785435221e+01
3.435713980371019605e-01,8.229422610063905075e-02,9.657507935492084528e+01
3.871863936017181929e-01,1.205357695860399536e-01,9.749645005545008303e+01
3.542847590825213278e-01,7.183615553687534849e-02,9.621123360081072917e+01
3.717399107881534936e-01,9.550743059516564326e-02,9.664275635300892020e+01
3.447556713344495094e-01,1.081012894791137102e-01,9.738565813730969012e+01
3.812951492142219179e-01,7.953540247009843744e-02,9.610040722071563835e+01
6.000000000000000888e-01,0.000000000000000000e+00,1.000000000000000000e+02
4.057400216862963038e-01,8.215778086661579271e-02,9.582319148469750303e+01
3.373615874248425683e-01,9.550989576516451252e-02,9.707854320093028377e+01
3.549337454496890309e-01,9.470351817696689989e-02,9.690647694047632399e+01
3.601181969498595814e-01,1.213006219440707495e-01,9.776381107342773191e+01
4.092838666429143291e-01,6.334142154759525578e-02,9.556384035254481546e+01
4.319831386988855493e-01,7.735846936605189628e-02,9.535866191597060038e+01
4.193988355845129634e-01,4.979972574816188269e-02,9.508883715213522692e+01
4.066820918050509936e-01,1.062870387078122814e-01,9.660775103385736884e+01
3.907168185803738258e-01,9.601611656648278981e-02,9.644526312025890036e+01
3.500000000000000333e-01,2.000000000000000111e-01,1.000000000000000000e+02
4.309014979884120411e-01,6.119979286945799457e-02,9.501896902401625766e+01
4.250000000000000444e-01,0.000000000000000000e+00,9.470244735619074561e+01
4.740277733609373767e-01,6.642851635172215830e-02,9.358512105224983202e+01
4.500000000000000111e-01,0.000000000000000000e+00,9.408143966888860632e+01
4.177762363505223564e-01,3.365019685879518108e-02,9.506151169024546732e+01
4.519686373860233863e-01,6.790512611696915279e-02,9.462709523829477121e+01
4.055597295268049685e-01,1.842868553871705381e-02,9.527747907200253508e+01
4.448598006911462233e-01,3.764834981199836894e-02,9.453866958846707291e+01
4.221990957952360124e-01,1.674001884673096130e-01,9.878783873542268168e+01
6.510148728966206333e-01,1.593803991651965291e-01,7.387827845736586596e+01
4.213983537394922485e-01,9.362945749764539638e-02,9.586817032704044550e+01
4.575578820774354738e-01,1.055739974610984955e-01,9.549647504673271214e+01
4.323343841258627807e-01,1.212278466050188408e-01,9.686176540945180591e+01
4.410521987437834857e-01,9.483653595712784878e-02,9.549620641838772883e+01
4.220925937832663566e-01,1.093202896352704068e-01,9.647008473658215166e+01
4.100033470708464023e-01,1.300766565425372501e-01,9.765418441454994536e+01
4.584176392159544644e-01,8.619733101853865875e-02,9.461739139342562055e+01
4.428832303852764385e-01,1.100769074752124543e-01,9.607991480908016513e+01
4.250000000000000444e-01,2.000000000000000111e-01,1.000000000000000000e+02
4.929758342238027002e-01,9.743811115374564902e-02,9.342599004784197803e+01
4.741404289200646938e-01,9.660237017555456385e-02,9.365114639043081013e+01
4.842477747116829545e-01,8.147749669123054150e-02,9.341659333129572929e+01
5.196776031228483861e-01,4.642176528942422442e-02,9.154589244426287564e+01
4.987093882464196382e-01,6.066161274255906649e-02,9.316328312562364999e+01
4.141854098682088980e-01,1.880990156540060243e-01,9.935290426021992971e+01
4.587628730248414222e-01,1.356642329890995202e-01,9.743955429804540813e+01
4.449219352332388078e-01,5.359725086427639951e-02,9.466381837875121619e+01
6.436525244380383315e-01,1.842643927907697265e-01,7.725423286896079844e+01
4.011542729176516553e-01,1.191854226310572196e-01,9.724680619220880828e+01
5.000000000000000000e-01,2.000000000000000111e-01,1.000000000000000000e+02
4.500000000000000111e-01,2.000000000000000111e-01,1.000000000000000000e+02
3.000000000000000444e-01,2.000000000000000111e-01,1.000000000000000000e+02
4.790397158687954016e-01,3.217845360134907046e-02,9.316855110699232512e+01
4.636519129718593146e-01,4.554971010219993621e-02,9.385122089295771275e+01
5.301486901478291713e-01,8.439827099327226745e-02,9.117806606753478604e+01
6.395115854229572738e-01,1.982603481078596408e-01,8.154162297330142906e+01
6.158862491265377770e-01,1.756538639590164153e-01,8.643270638220288049e+01
6.684660844628518284e-01,1.780747680983463810e-01,6.605742691890868912e+01
3.936480445912895476e-01,1.371365065535663508e-01,9.805975678230159076e+01
4.086391373114275360e-01,1.493910381815428678e-01,9.849158896749305825e+01
3.197287080391826852e-01,1.239691172114071593e-01,9.760395344881496271e+01
3.021457837791678425e-01,1.515127447214916490e-01,9.833799792034342602e+01
4.760288054338105979e-01,1.199035577206401387e-01,9.561532440110752873e+01
4.832713776673282502e-01,5.028942855696350717e-02,9.315973483038713709e+01
5.002440902507461207e-01,3.677386864002636646e-02,9.241719690883080318e+01
4.931186882444426045e-01,1.843341980550464512e-02,9.245476201577913855e+01
5.147541862592041051e-01,3.194271496002679123e-02,9.157865389098469677e+01
4.749999999999999778e-01,0.000000000000000000e+00,9.298976893309620095e+01
5.500000000000000444e-01,0.000000000000000000e+00,8.953388926967879513e+01
5.349239842026839442e-01,1.720024756479193728e-02,9.035627860462987826e+01
5.184615285296740872e-01,6.718889309006455257e-02,9.122468585689267684e+01
5.041276113772408252e-01,8.097298735087618549e-02,9.334207649243758453e+01
5.496302303935381994e-01,5.859489046598604506e-02,8.982332911327584668e+01
5.355058669433931939e-01,6.818696981503898080e-02,9.095508343905842707e+01
5.566836414602657213e-01,8.417617968344040524e-02,8.879377488921140582e+01
6.335566952104709770e-01,1.677462375570034359e-01,7.910545211502700624e+01
6.034194426897233621e-01,1.240983629383458908e-01,8.178206160704914396e+01
6.144373858207027306e-01,1.487191480075862327e-01,8.305565935148987933e+01
6.276220661213505192e-01,1.868835691169983548e-01,8.426516574581546593e+01
6.608866559973904931e-01,1.954293414232287918e-01,7.167188221636006062e+01
6.657696240899829698e-01,2.106520697316831281e-01,7.006739248586895030e+01
6.542371890622290520e-01,1.738649098377959279e-01,7.345740427361394609e+01
7.101004701431407051e-01,1.217164826609835465e-01,5.077272830213764365e+01
4.000004220941272837e-01,1.634732489452842275e-01,9.888258973335346980e+01
3.387593403302022743e-01,1.507631767800432510e-01,9.830900092263713930e+01
4.605681603534648727e-01,2.628016661061263401e-02,9.377459807645030310e+01
4.434044539870058976e-01,1.910051485743695029e-02,9.452887485644816934e+01
4.770744160962499536e-01,1.608237751341737298e-02,9.286714317705634869e+01
4.621480256053841496e-01,1.037985438354104353e-02,9.347565557349457777e+01
7.171266829819926691e-01,1.704647942551175965e-01,4.951786089367909938e+01
6.840530213508509982e-01,1.460318014214244120e-01,6.114029516858042257e+01
2.941127502891158763e-01,1.227729851655095794e-01,9.736709586684369810e+01
2.505623460756538634e-01,1.119068540990021676e-01,9.515557216026131471e+01
2.500000000000000000e-01,2.000000000000000111e-01,1.000000000000000000e+02
3.116683665663442793e-01,1.762252707870102797e-01,9.931530426407839229e+01
3.204546815921922587e-01,1.512414921347702557e-01,9.838137634096968043e+01
2.255437646367165760e-01,1.394210539527649950e-01,9.607346896476494180e+01
2.481413154235914131e-01,1.479550686810385818e-01,9.555752049116270541e+01
3.272168538396675319e-01,1.374156373988988933e-01,9.790343294395661644e+01
2.352806361444821914e-01,1.287129237068939391e-01,9.526110880843042139e+01
2.065902855064518651e-01,1.450361352289858685e-01,9.471088329488458157e+01
2.142139637095564764e-01,1.265972129224390008e-01,9.366003127366748515e+01
3.357548312999286133e-01,1.747095368032047791e-01,9.922187783005198014e+01
3.555460049678980106e-01,1.608977781274915364e-01,9.868390850420912841e+01
2.202504598628765020e-01,1.563496090711763431e-01,9.720222836912481057e+01
3.750000000000000000e-01,2.000000000000000111e-01,1.000000000000000000e+02
2.685768721452051477e-01,1.732809074261844606e-01,9.863190718441687466e+01
2.623798070923465953e-01,1.573736526658379153e-01,9.731115478916316874e+01
2.821209812252868376e-01,1.534809961405832479e-01,9.796444413888984570e+01
2.418649146237027148e-01,1.745264745657371386e-01,9.763306627740402632e+01
2.937494977431636123e-01,1.689390730328790835e-01,9.945892838584833839e+01
2.979644387061343158e-01,1.842502543045038965e-01,9.976156078135961991e+01
2.750000000000000222e-01,2.000000000000000111e-01,1.000000000000000000e+02
6.938193206972934624e-01,1.808107662668297089e-01,5.913931626154047194e+01
6.700999437611295795e-01,1.590570129109914188e-01,6.519778862774749939e+01
6.875844052029680409e-01,1.638008739128331281e-01,6.084539247599997935e+01
7.060167184517398553e-01,1.509022334220220807e-01,5.233820705542206042e+01
3.283995380137095244e-01,1.099745185431679068e-01,9.730030531433826013e+01
2.950523999235966643e-01,1.068137950527580926e-01,9.670848707592854510e+01
3.063854132843961131e-01,1.348351943035333289e-01,9.815877014464342665e+01
3.889377905982901451e-01,1.522070743355457834e-01,9.857537446624596100e+01
3.853801066467416048e-01,1.767027380689730753e-01,9.928746127535531230e+01
3.231296131707501185e-01,1.662190926198366392e-01,9.843672704011397911e+01
3.250000000000000666e-01,2.000000000000000111e-01,1.000000000000000000e+02
2.250000000000000056e-01,2.000000000000000111e-01,1.000000000000000000e+02
2.625000000000000111e-01,1.888733443810890200e-01,9.942689369536165600e+01
6.803498498806265227e-01,1.867897683683799603e-01,6.297154492714902574e+01
7.169629370779219135e-01,2.015222580967085397e-01,5.426983809500861611e+01
7.026699567482171949e-01,1.657389899898193963e-01,5.494954515774951176e+01
6.980416251648700054e-01,1.349077557674077388e-01,5.756235888700292946e+01
6.610807142657050273e-01,1.027864542105826201e-01,7.207496934111013331e+01
6.858284330158542774e-01,1.116355740358032644e-01,6.326659305752784945e+01
7.453116795881702394e-01,1.415219136927697297e-01,4.329115661644838298e+01
3.984617093560965939e-01,1.847294414483196812e-01,9.953066946498354639e+01
3.546622016067566552e-01,1.807168407866581172e-01,9.934637833810600682e+01
3.695128981446412220e-01,1.748203625515150350e-01,9.922636071280589931e+01
3.375000000000000222e-01,1.903836648084444860e-01,9.971386006202045849e+01
3.125000000000000555e-01,1.913841423881470494e-01,9.943973469489850459e+01
7.100534814237398074e-01,1.859566654254950768e-01,5.014345369095339322e+01
6.979039682093310937e-01,2.006660731514155194e-01,5.610926994291507697e+01
7.066099101547460570e-01,2.194265022807898591e-01,5.664028476337190199e+01
7.017642396970238394e-01,2.428116952348698399e-01,6.118907106953118813e+01
6.847307961481826633e-01,2.420781641672814788e-01,6.203032402114416755e+01
6.880079217824826010e-01,2.233512334579563774e-01,6.177990944982543908e+01
7.270238847805576832e-01,1.519079134288261190e-01,4.960512505543736950e+01
7.171818689143403258e-01,1.375859120850471129e-01,5.060668138038977304e+01
7.911172755783429933e-01,1.687500000000000111e-01,2.684873241130268084e+01
7.367330958427201759e-01,1.690040104980572444e-01,4.813585540797173934e+01
7.292769254061748363e-01,1.867398410399307429e-01,4.929558041738501117e+01
7.531790531152721124e-01,1.590576860910645762e-01,4.132168311116267745e+01
7.536561028492816394e-01,2.465031785789423280e-01,4.130435077199015126e+01
8.000000000000000444e-01,7.499999999999999722e-02,2.507496272795385650e+01
7.444182203379525742e-01,2.118728628544269965e-01,4.409510150615894730e+01
8.000000000000000444e-01,2.249999999999999778e-01,2.536264728161532034e+01
7.598733487909568041e-01,1.455215863345219462e-01,3.135982165997681648e+01
7.587943775736836205e-01,1.209425313801759244e-01,3.529980427449209657e+01
2.125000000000000222e-01,1.849466806978918576e-01,9.940531314085430381e+01
2.287542468939233742e-01,1.841659973859537947e-01,9.951879862377946040e+01
7.204405945206884265e-01,2.531799002689746891e-01,5.202503660374973293e+01
7.342074616078528848e-01,1.200606670903655859e-01,4.781444529119943354e+01
7.319041551229974463e-01,1.348557442127517048e-01,4.680244072998733884e+01
7.689578003949553153e-01,6.464045348947250469e-02,3.574109579059641106e+01
7.462523498650853737e-01,1.274318752739203586e-01,4.112009499994802297e+01
7.911314262279469656e-01,1.318727393452355789e-01,2.773923060116734973e+01
7.000000000000000666e-01,0.000000000000000000e+00,5.407069651492082585e+01
8.000000000000000444e-01,3.749999999999999861e-02,2.523733592236719403e+01
7.822489433793643476e-01,1.499931885129784925e-01,2.716032663580058326e+01
7.671194699895755864e-01,1.328902863331555551e-01,2.938804871355148762e+01
7.624688890836286426e-01,8.156997800658236097e-02,3.842017861952710689e+01
7.470144711444934860e-01,1.061834677024914020e-01,4.364290098895214243e+01
7.319648517529367959e-01,1.051427288181103897e-01,4.524348513153298512e+01
7.640372042353477111e-01,9.734607757677572748e-02,3.836543604189405698e+01
8.000000000000000444e-01,5.624999999999999445e-02,2.516645966507604371e+01
8.000000000000000444e-01,1.124999999999999889e-01,2.482793811963268382e+01
7.791712292854757749e-01,1.156184208823340664e-01,3.089810479613456806e+01
7.750000000000000222e-01,9.375000000000001388e-03,3.010271926778818496e+01
8.000000000000000444e-01,9.375000000000000000e-02,2.527905553743219258e+01
7.812309256761565956e-01,8.767083191780894458e-02,3.189415974651639019e+01
7.869137172101013933e-01,1.021393381206388562e-01,2.910571235704380655e+01
7.878913707179561188e-01,4.687500000000000000e-02,2.778756437084108910e+01
7.436960309323494833e-01,6.466620752529160521e-02,4.245392004666862817e+01
7.850208976781875014e-01,7.304828769639543085e-02,3.096002502079352681e+01
7.725776667868370362e-01,4.687500000000000000e-02,3.282626720091987238e+01
7.201075950501797385e-01,5.562500449223406473e-02,5.106187008201487032e+01
7.408643919567587943e-01,8.578378825996149648e-02,4.371017096622284015e+01
7.112925115952114519e-01,8.391431919553600516e-02,5.401817214505865650e+01
7.269118929400006923e-01,7.316427274548220616e-02,4.895588772565270119e+01
7.257183014928333398e-01,9.054603009831750648e-02,4.803925973830672547e+01
7.113314835287771754e-01,1.028354245857072413e-01,5.030648305669035381e+01
8.000000000000000444e-01,1.874999999999999931e-02,2.458810034421500745e+01
7.524406764664445246e-01,2.769927576053040838e-02,3.550958814427222165e+01
7.802345187523965775e-01,2.854136260604402467e-02,2.939603123026438780e+01
7.500000000000000000e-01,0.000000000000000000e+00,3.273156781965467133e+01
7.665233914711453433e-01,2.198802378170378047e-02,3.109372103977739243e+01
7.381526729707242884e-01,4.383715576217648430e-02,4.351325439546965868e+01
7.139029996923148547e-01,2.642107407183906173e-02,4.898015887428933723e+01
7.554202971706631686e-01,4.473137281605329973e-02,3.745771529670259525e+01
7.226572392751927643e-01,3.982224158133899211e-02,5.032055579279128210e+01
7.250000000000000888e-01,0.000000000000000000e+00,3.379869692213215870e+01
7.332961385697382983e-01,2.331252525910268783e-02,4.151240207030880214e+01
7.454222414080083903e-01,1.436052771701793428e-02,3.320388551413011413e+01
7.563208219667663101e-01,5.867610942280570424e-02,3.847333805906609427e+01
7.125000000000000222e-01,1.029086784601694962e-02,4.792858291187817343e+01
7.544414995559179937e-01,5.843760010833503049e-01,3.001605816152205719e+01
4.325738556936241097e-01,1.454789822312438918e-01,9.831031308721877338e+01
4.452817555439372299e-01,1.758695681305333658e-01,9.888359968822652490e+01
4.607606383876199363e-01,1.205149854064427595e-01,9.571193614727570775e+01
4.948829100264987013e-01,1.578961778821479922e-01,9.736962115432380926e+01
4.242525901503572117e-01,1.334344016848636461e-01,9.773281866650624750e+01
4.429244845790687446e-01,1.332500231922093548e-01,9.729339747578845277e+01
4.294995076434078296e-01,1.831931826509498040e-01,9.918204241983423231e+01
4.375507631570964562e-01,1.612500889460691533e-01,9.858955937360016719e+01
4.603363016558136289e-01,1.585546360704058744e-01,9.833971001704560422e+01
4.800097576947787714e-01,1.416025331941128951e-01,9.716721097379644334e+01
5.122713885438223702e-01,1.270885680338220136e-01,9.425802210931384195e+01
4.776190310024803765e-01,1.587199066467272490e-01,9.747999404700388482e+01
4.749999999999999778e-01,2.000000000000000111e-01,1.000000000000000000e+02
4.985220924588782410e-01,1.396391900119397234e-01,9.573785795324742764e+01
4.945496217061604027e-01,1.214807828509414933e-01,9.467426407463753435e+01
5.245189125432835331e-01,1.543123551741171218e-01,9.550556438307951623e+01
5.091128608800200572e-01,1.512414525167972146e-01,9.638239431634977450e+01
5.500000000000000444e-01,2.000000000000000111e-01,1.000000000000000000e+02
4.687840661015517663e-01,1.788824983642212374e-01,9.883811794350030766e+01
4.874999999999999889e-01,1.848470461121240471e-01,9.990300920126075823e+01
4.624999999999999667e-01,1.922057929062011561e-01,9.960252390720427229e+01
5.121370485600698075e-01,1.762496186563622946e-01,9.819296584092094804e+01
4.971895745719827620e-01,1.730147344617791738e-01,9.904396437559576327e+01
5.383197984445924344e-01,1.765647995077995469e-01,9.754953359795779022e+01
5.250000000000000222e-01,2.000000000000000111e-01,1.000000000000000000e+02
5.253148864420644770e-01,1.692245470802672680e-01,9.732661534563690964e+01
5.658400652176858170e-01,1.440909770316979865e-01,9.134204680558222833e+01
5.124999999999999556e-01,1.914114568980332109e-01,9.996290194665456852e+01
5.374999999999999778e-01,1.916017212711622897e-01,9.923661198517184800e+01
5.468314786996456567e-01,1.558800339886250719e-01,9.506276205550804548e+01
5.250581146156411139e-01,1.838705541972659452e-01,9.878613178326556010e+01
5.372836813310845061e-01,1.322028292597744736e-01,9.330895566225498783e+01
5.749999999999999556e-01,2.000000000000000111e-01,1.000000000000000000e+02
5.505303067769040659e-01,1.406248172389810425e-01,9.223950798958550479e+01
5.588134379942615304e-01,1.129680429783365692e-01,8.915505579574890760e+01
5.362884500787122866e-01,1.463678246363336322e-01,9.506885085918635525e+01
5.289979863403444504e-01,1.090047572635464701e-01,9.199277119644035849e+01
5.124621600686408707e-01,9.862704515955150741e-02,9.321557145830301749e+01
5.070376680209724984e-01,1.128220867324880028e-01,9.359203922485164640e+01
5.555236526043472178e-01,1.826186577273498368e-01,9.752460207524917735e+01
5.592548062377163953e-01,1.666236018957239773e-01,9.615201987883416734e+01
5.261130903077418930e-01,1.231139044189754755e-01,9.327672641191904290e+01
5.435255314541528326e-01,9.735397794113098691e-02,9.036728975411485010e+01
5.431001453279342694e-01,1.170466089682535293e-01,9.067331724819354122e+01
5.250000000000000222e-01,0.000000000000000000e+00,9.084747083126443101e+01
6.066258281411386344e-01,5.664280366412297041e-02,8.267602231131462531e+01
3.733937260177142559e-01,1.117674054821965468e-01,9.733337272776311977e+01
2.363135334033091006e-01,1.591882156815137284e-01,9.737222750539930871e+01
2.811733594447620721e-01,1.843843680110685279e-01,9.968294215329426322e+01
6.362238780970441709e-01,1.241938781854532436e-01,7.776688111185173113e+01
6.603570861409699955e-01,1.346339850883055411e-01,7.096145419669500143e+01
7.399199727616402322e-01,2.613659436254593960e-01,4.783167157686468585e+01
8.000000000000000444e-01,1.875000000000000000e-01,2.490836939250270277e+01
8.000000000000000444e-01,2.624999999999999556e-01,2.525748554861490902e+01
7.360767258087883569e-01,2.440351934855346794e-01,4.717857431971729198e+01
7.391324596148740600e-01,2.276648427010957987e-01,4.497936650865518970e+01
7.271993290153735412e-01,2.153129874128174026e-01,5.153110402549925340e+01
7.554720234388165867e-01,1.873170925091972028e-01,3.865274367794970800e+01
7.742353861471998888e-01,2.718749999999999778e-01,3.561276108151295006e+01
7.576815313821398945e-01,2.646487031034500115e-01,4.312614567957290035e+01
7.777338444932399009e-01,1.879361473692696682e-01,3.685387559126736789e+01
7.421746327191769410e-01,1.960970846788135935e-01,4.558567080258254833e+01
7.731358136867872988e-01,2.897378866266584474e-01,3.687652069848969916e+01
7.892299238841272713e-01,2.062499999999999889e-01,2.967892673861255659e+01
7.731976076610946880e-01,2.279272152430213139e-01,3.762600361868656762e+01
7.561896997158016331e-01,2.245935079064123319e-01,4.137288331008871722e+01
7.859581401299027270e-01,2.205975135913877672e-01,2.990386062026400893e+01
7.679477076193177432e-01,2.068442784537414258e-01,3.783683062506730721e+01
7.041143401757912201e-01,2.625625051177734592e-01,6.063483330589224352e+01
6.822017974245802030e-01,8.274826095432460948e-02,6.414391295634129619e+01
6.963433365738491698e-01,9.340570294671313167e-02,5.914640266024554904e+01
5.902966724940393872e-01,1.447465672274812487e-01,8.823660927118055497e+01
6.036794139415057048e-01,1.387577133469037882e-01,8.301911448052995013e+01
5.996870045273372529e-01,1.630189219880945894e-01,8.855441368314301087e+01
5.982816758040582217e-01,1.815226797707088502e-01,9.382790244893735121e+01
5.817889859832099386e-01,1.606678125776222765e-01,9.017262452070957579e+01
5.785927431824283707e-01,1.248571358313245450e-01,8.705817352267889930e+01
5.630160187138972816e-01,1.283738941168608982e-01,8.988577722113630841e+01
5.820081715046518944e-01,9.677757378580868763e-02,8.684721869297773367e+01
5.912001321877693449e-01,1.308266243103795856e-01,8.579234753234445066e+01
5.906269818984273279e-01,1.120734108815825691e-01,8.428804666935718615e+01
6.140373153043061638e-01,8.880613330899266022e-02,8.194804839204107338e+01
5.991224097532434900e-01,9.721029858486336661e-02,8.326814050062687045e+01
5.911276185523131055e-01,7.475390262281594866e-02,8.513062164232704276e+01
5.740276559504043918e-01,1.100543691358174814e-01,8.833931165194260871e+01
6.077756552229420794e-01,7.331343556606761958e-02,8.241484335651990989e+01
6.469913013264885215e-01,6.223363678154628098e-02,7.338652857654835771e+01
6.290638843525830914e-01,7.372113606632238469e-02,8.207414751020638732e+01
6.278300591931250674e-01,5.206309269884885210e-02,7.946338009681068115e+01
6.485591144358938687e-01,8.441290248771454729e-02,7.358899334697926520e+01
6.750000000000000444e-01,0.000000000000000000e+00,6.303816176984927466e+01
6.472570596297515522e-01,4.224921983387147639e-02,7.427193533273748471e+01
6.147645614219676702e-01,4.294739733081221617e-02,8.194692757592365240e+01
6.368830398006789517e-01,2.516626748949393408e-02,7.605149971594181579e+01
6.250000000000001110e-01,0.000000000000000000e+00,8.159649731716449139e+01
5.742318886833710501e-01,8.065770894746021602e-02,8.729774578846594579e+01
5.748304888314332839e-01,5.524249140651921186e-02,8.681158459903923585e+01
6.648133301374118398e-01,7.211887487301643640e-02,6.829584249045056765e+01
6.670758088132543451e-01,8.795518788308029356e-02,6.700135757562199501e+01
6.889636476127192211e-01,5.214917180275473879e-02,6.305345525614158220e+01
7.044172072145526986e-01,4.217752965529159015e-02,5.414624134559404922e+01
6.980900640536531476e-01,1.967035835549945516e-02,5.640217336808075999e+01
6.033749500969652901e-01,3.182189871675326215e-02,8.602758676245169056e+01
6.803218567024842400e-01,6.628615933860282361e-02,6.373195525534386263e+01
6.655004343276933465e-01,5.041174565893088294e-02,6.670004373719268642e+01
6.996320178784445343e-01,6.838044511823143656e-02,5.996252522079959135e+01
6.897916137211529408e-01,3.647190923903211035e-02,5.804857777136640351e+01
6.401388001912108328e-01,1.036048770899746924e-01,7.355066574508062160e+01
6.198616379204847648e-01,1.104159544863731746e-01,8.178682190056673562e+01
6.305033604076271114e-01,9.018171885112299946e-02,8.097451555921325905e+01
6.055737583879223784e-01,1.099666869321246354e-01,8.191549369890094567e+01
5.906100539399548044e-01,5.862431664464196751e-02,8.485505745895846985e+01
5.876157861886915912e-01,3.409097748537533168e-02,8.796208943762216848e+01
5.636638217108194127e-01,6.769414299257246748e-02,8.801756272065249220e+01
6.500000000000001332e-01,0.000000000000000000e+00,7.341460484096432992e+01
5.958537316787501092e-01,1.778867959028234552e-02,8.803217022336787068e+01
5.750000000000000666e-01,0.000000000000000000e+00,8.985188098828102454e+01
5.666719220039154736e-01,3.587107008597621716e-02,8.846734800151341460e+01
5.612511475573727093e-01,4.955787367773861057e-02,8.867555020688114098e+01
5.413701334849193580e-01,3.598271647003408596e-02,9.014620108294381851e+01
5.539632931390630066e-01,2.284282622798926299e-02,8.908981923434521377e+01
5.717974281154275529e-01,1.815875595868576137e-02,8.802480461593310679e+01
5.352540554454408017e-01,5.103165445579244119e-02,9.080914872836925156e+01
5.124999999999999556e-01,1.360511145962989624e-02,9.148315508742544466e+01
6.427862965980389864e-01,1.421373314570092139e-01,7.504546951477779260e+01
6.268402001577049187e-01,1.377975053116093085e-01,7.910602603726819382e+01
6.183921154229420347e-01,1.253705487337367364e-01,8.045320899152713423e+01
6.529968474868823591e-01,1.185347619491982502e-01,7.251471302924424833e+01
6.705009796453982318e-01,1.202643149222818730e-01,6.911735617587839897e+01
6.828810969945608988e-01,1.302006636153987262e-01,6.219892974411148145e+01
7.884867319911135208e-01,2.437499999999999667e-01,2.926022538642579107e+01
7.724836097924846490e-01,2.533141675607589183e-01,3.740149800349109199e+01
6.223166681137469736e-01,2.969420556859761126e-02,7.923737344869424248e+01
6.590463504964390040e-01,2.339849047298086376e-02,7.340150579789144558e+01
6.375000000000001776e-01,9.486342371581994379e-03,7.683853446458698500e+01
6.702248887146737832e-01,3.500532393275453819e-02,6.638865794237145224e+01
6.625000000000000888e-01,8.615236349823028258e-03,6.963959175673559798e+01
6.134997113590699991e-01,1.392911371257707712e-02,8.531130713855540648e+01
6.792426427671743872e-01,1.840709396968014111e-02,5.973009064441534122e+01
4.749999999999999778e-01,4.000000000000000222e-01,1.000000000000000000e+02
4.874999999999999889e-01,4.078957730510462398e-01,9.641994213964929372e+01
4.678769792780214654e-01,4.142938749310481339e-01,9.449048877357135723e+01
4.227772892997659904e-01,1.712331492763120855e-02,9.470127191516843368e+01
5.755021891768626885e-01,1.798346762346418604e-01,9.740379370759214339e+01
1.582576412321845261e-01,2.434654198109871270e-01,8.342526607872034106e+01
